ListSchema={"schemaXmlList":["<Field ID=\"{fa564e0f-0c70-4ab9-b863-0177e6ddd247}\" Type=\"Text\" Name=\"Title\" DisplayName=\"Title\" Required=\"FALSE\" SourceID=\"http://schemas.microsoft.com/sharepoint/v3\" StaticName=\"Title\" FromBaseType=\"TRUE\" MaxLength=\"255\" />","<Field DisplayName=\"Correo\" Format=\"Dropdown\" IsModern=\"TRUE\" MaxLength=\"255\" Name=\"Correo\" Title=\"Correo\" Type=\"Text\" ID=\"{970a8b8c-e4fe-4749-a5a5-60c5fe098e9c}\" StaticName=\"Correo\" />","<Field DisplayName=\"Área\" Format=\"Dropdown\" IsModern=\"TRUE\" MaxLength=\"255\" Name=\"_x00c1_rea\" Title=\"Área\" Type=\"Text\" ID=\"{33c223bc-dc63-4c32-bac6-14f84abcbd8b}\" StaticName=\"_x00c1_rea\" />","<Field DisplayName=\"Puesto\" Format=\"Dropdown\" IsModern=\"TRUE\" MaxLength=\"255\" Name=\"Puesto\" Title=\"Puesto\" Type=\"Text\" ID=\"{bc13bd9f-2772-40d4-baf2-758d05633a03}\" StaticName=\"Puesto\" />","<Field DisplayName=\"Nombre del evaluador(es)\" Format=\"Dropdown\" IsModern=\"TRUE\" MaxLength=\"255\" Name=\"Nombredelevaluador_x0028_es_x002\" Title=\"Nombre del evaluador(es)\" Type=\"Text\" ID=\"{bae156a6-a222-43c5-8815-9f2352a12b9a}\" StaticName=\"Nombredelevaluador_x0028_es_x002\" />","<Field CommaSeparator=\"TRUE\" CustomUnitOnRight=\"TRUE\" Decimals=\"2\" DisplayName=\"Promedio\" Format=\"Dropdown\" IsModern=\"TRUE\" Name=\"Promedio\" Percentage=\"FALSE\" Title=\"Promedio\" Type=\"Number\" Unit=\"None\" ID=\"{d1c8c2b0-4e69-423b-8030-16d165b48862}\" StaticName=\"Promedio\" />","<Field CommaSeparator=\"TRUE\" CustomUnitOnRight=\"TRUE\" Decimals=\"2\" DisplayName=\"Notas de alcance\" Format=\"Dropdown\" IsModern=\"TRUE\" Name=\"Notasdealcance\" Percentage=\"FALSE\" Title=\"Notas de alcance\" Type=\"Number\" Unit=\"None\" ID=\"{e3b61f35-a9eb-416a-912f-6037a7b05ade}\" StaticName=\"Notasdealcance\" />","<Field CommaSeparator=\"TRUE\" CustomUnitOnRight=\"TRUE\" Decimals=\"2\" DisplayName=\"Documento de alcance técnico\" Format=\"Dropdown\" IsModern=\"TRUE\" Name=\"Documentodealcancet_x00e9_cnico\" Percentage=\"FALSE\" Title=\"Documento de alcance técnico\" Type=\"Number\" Unit=\"None\" ID=\"{34210c73-4f2f-40d3-aa4a-c90efed175d0}\" StaticName=\"Documentodealcancet_x00e9_cnico\" />","<Field CommaSeparator=\"TRUE\" CustomUnitOnRight=\"TRUE\" Decimals=\"2\" DisplayName=\"Checklist de requerimentos\" Format=\"Dropdown\" IsModern=\"TRUE\" Name=\"Checklistderequerimentos\" Percentage=\"FALSE\" Title=\"Checklist de requerimentos\" Type=\"Number\" Unit=\"None\" ID=\"{8678b245-43a6-4413-95b9-8e6a613d1370}\" StaticName=\"Checklistderequerimentos\" />","<Field CommaSeparator=\"TRUE\" CustomUnitOnRight=\"TRUE\" Decimals=\"2\" DisplayName=\"Propuesta de conectividad\" Format=\"Dropdown\" IsModern=\"TRUE\" Name=\"Propuestadeconectividad\" Percentage=\"FALSE\" Title=\"Propuesta de conectividad\" Type=\"Number\" Unit=\"None\" ID=\"{a29cfcb0-039d-4ec3-ad8d-8094879cf854}\" StaticName=\"Propuestadeconectividad\" />","<Field CommaSeparator=\"TRUE\" CustomUnitOnRight=\"TRUE\" Decimals=\"2\" DisplayName=\"Reporte de calidad de datos\" Format=\"Dropdown\" IsModern=\"TRUE\" Name=\"Reportedecalidaddedatos\" Percentage=\"FALSE\" Title=\"Reporte de calidad de datos\" Type=\"Number\" Unit=\"None\" ID=\"{d3658c54-a22e-46f1-8118-186b3ef37f4a}\" StaticName=\"Reportedecalidaddedatos\" />","<Field CommaSeparator=\"TRUE\" CustomUnitOnRight=\"TRUE\" Decimals=\"2\" DisplayName=\"Reportes de pruebas\" Format=\"Dropdown\" IsModern=\"TRUE\" Name=\"Reportesdepruebas\" Percentage=\"FALSE\" Title=\"Reportes de pruebas\" Type=\"Number\" Unit=\"None\" ID=\"{70f4c177-3579-4191-9821-286950b48df1}\" StaticName=\"Reportesdepruebas\" />","<Field CommaSeparator=\"TRUE\" CustomUnitOnRight=\"TRUE\" Decimals=\"2\" DisplayName=\"Reporte técnico de calidad de datos\" Format=\"Dropdown\" IsModern=\"TRUE\" Name=\"Reportet_x00e9_cnicodecalidadded\" Percentage=\"FALSE\" Title=\"Reporte técnico de calidad de datos\" Type=\"Number\" Unit=\"None\" ID=\"{6201c6ea-1fd1-4019-96a3-c387ee35993f}\" StaticName=\"Reportet_x00e9_cnicodecalidadded\" />","<Field CommaSeparator=\"TRUE\" CustomUnitOnRight=\"TRUE\" Decimals=\"2\" DisplayName=\"Scripts de validación\" Format=\"Dropdown\" IsModern=\"TRUE\" Name=\"Scriptsdevalidaci_x00f3_n\" Percentage=\"FALSE\" Title=\"Scripts de validación\" Type=\"Number\" Unit=\"None\" ID=\"{544dbf2a-0c6f-4ea4-8aff-4fcc9ffc6041}\" StaticName=\"Scriptsdevalidaci_x00f3_n\" />","<Field CommaSeparator=\"TRUE\" CustomUnitOnRight=\"TRUE\" Decimals=\"2\" DisplayName=\"Esquema preliminar de tablas\" Format=\"Dropdown\" IsModern=\"TRUE\" Name=\"Esquemapreliminardetablas\" Percentage=\"FALSE\" Title=\"Esquema preliminar de tablas\" Type=\"Number\" Unit=\"None\" ID=\"{0c26cb6a-64ec-4119-85b1-617b91661f0f}\" StaticName=\"Esquemapreliminardetablas\" />","<Field CommaSeparator=\"TRUE\" CustomUnitOnRight=\"TRUE\" Decimals=\"2\" DisplayName=\"Notas técnicas\" Format=\"Dropdown\" IsModern=\"TRUE\" Name=\"Notast_x00e9_cnicas\" Percentage=\"FALSE\" Title=\"Notas técnicas\" Type=\"Number\" Unit=\"None\" ID=\"{dc30e53a-8bec-42e7-9d98-eb777c07fca9}\" StaticName=\"Notast_x00e9_cnicas\" />","<Field CommaSeparator=\"TRUE\" CustomUnitOnRight=\"TRUE\" Decimals=\"2\" DisplayName=\"Scripts, Notebooks y pipelines\" Format=\"Dropdown\" IsModern=\"TRUE\" Name=\"Scripts_x002c_Notebooksypipeline\" Percentage=\"FALSE\" Title=\"Scripts, Notebooks y pipelines\" Type=\"Number\" Unit=\"None\" ID=\"{35e7dec2-bc1d-43ba-9b1e-2fc56a5c05aa}\" StaticName=\"Scripts_x002c_Notebooksypipeline\" />","<Field CommaSeparator=\"TRUE\" CustomUnitOnRight=\"TRUE\" Decimals=\"2\" DisplayName=\"Checklist de ejecución\" Format=\"Dropdown\" IsModern=\"TRUE\" Name=\"Checklistdeejecuci_x00f3_n\" Percentage=\"FALSE\" Title=\"Checklist de ejecución\" Type=\"Number\" Unit=\"None\" ID=\"{50f6f1c5-f396-4bb7-8cb1-0d7d4e991ce0}\" StaticName=\"Checklistdeejecuci_x00f3_n\" />","<Field CommaSeparator=\"TRUE\" CustomUnitOnRight=\"TRUE\" Decimals=\"2\" DisplayName=\"Documentación de scripts\" Format=\"Dropdown\" IsModern=\"TRUE\" Name=\"Documentaci_x00f3_ndescripts\" Percentage=\"FALSE\" Title=\"Documentación de scripts\" Type=\"Number\" Unit=\"None\" ID=\"{4db3ab11-d024-4676-9f6f-77179cf8099d}\" StaticName=\"Documentaci_x00f3_ndescripts\" />","<Field CommaSeparator=\"TRUE\" CustomUnitOnRight=\"TRUE\" Decimals=\"2\" DisplayName=\"Inventario de fuentes\" Format=\"Dropdown\" IsModern=\"TRUE\" Name=\"Inventariodefuentes\" Percentage=\"FALSE\" Title=\"Inventario de fuentes\" Type=\"Number\" Unit=\"None\" ID=\"{3665fe0e-23a9-4892-9b16-f6ac716b5e65}\" StaticName=\"Inventariodefuentes\" />","<Field CommaSeparator=\"TRUE\" CustomUnitOnRight=\"TRUE\" Decimals=\"2\" DisplayName=\"Diagrama de arquitectura\" Format=\"Dropdown\" IsModern=\"TRUE\" Name=\"Diagramadearquitectura\" Percentage=\"FALSE\" Title=\"Diagrama de arquitectura\" Type=\"Number\" Unit=\"None\" ID=\"{029cf349-8621-4a4e-8fc4-ca9cd6312d53}\" StaticName=\"Diagramadearquitectura\" />","<Field CommaSeparator=\"TRUE\" CustomUnitOnRight=\"TRUE\" Decimals=\"2\" DisplayName=\"Modelado de datos\" Format=\"Dropdown\" IsModern=\"TRUE\" Name=\"Modeladodedatos\" Percentage=\"FALSE\" Title=\"Modelado de datos\" Type=\"Number\" Unit=\"None\" ID=\"{d76cc6d3-c1e2-4c10-a2b1-dc5d6f2fc4d1}\" StaticName=\"Modeladodedatos\" />","<Field CommaSeparator=\"TRUE\" CustomUnitOnRight=\"TRUE\" Decimals=\"2\" DisplayName=\"Diseño de pipelines\" Format=\"Dropdown\" IsModern=\"TRUE\" Name=\"Dise_x00f1_odepipelines\" Percentage=\"FALSE\" Title=\"Diseño de pipelines\" Type=\"Number\" Unit=\"None\" ID=\"{dc3fac23-b1e6-4c9b-a886-efd35ce1d99e}\" StaticName=\"Dise_x00f1_odepipelines\" />","<Field CommaSeparator=\"TRUE\" CustomUnitOnRight=\"TRUE\" Decimals=\"2\" DisplayName=\"Desarrollo de pipelines\" Format=\"Dropdown\" IsModern=\"TRUE\" Name=\"Desarrollodepipelines\" Percentage=\"FALSE\" Title=\"Desarrollo de pipelines\" Type=\"Number\" Unit=\"None\" ID=\"{243318f7-8b26-4dad-a77d-67466c943d5a}\" StaticName=\"Desarrollodepipelines\" />","<Field CommaSeparator=\"TRUE\" CustomUnitOnRight=\"TRUE\" Decimals=\"2\" DisplayName=\"Scripts de validación y calidad de datos\" Format=\"Dropdown\" IsModern=\"TRUE\" Name=\"Scriptsdevalidaci_x00f3_nycalida\" Percentage=\"FALSE\" Title=\"Scripts de validación y calidad de datos\" Type=\"Number\" Unit=\"None\" ID=\"{6c6c59f3-8f37-4c59-9f97-bb61bce39ae1}\" StaticName=\"Scriptsdevalidaci_x00f3_nycalida\" />","<Field CommaSeparator=\"TRUE\" CustomUnitOnRight=\"TRUE\" Decimals=\"2\" DisplayName=\"Pruebas técnicas y de integración\" Format=\"Dropdown\" IsModern=\"TRUE\" Name=\"Pruebast_x00e9_cnicasydeintegrac\" Percentage=\"FALSE\" Title=\"Pruebas técnicas y de integración\" Type=\"Number\" Unit=\"None\" ID=\"{a71e8ef0-2a0b-403b-9ba5-0c3251b4a7a7}\" StaticName=\"Pruebast_x00e9_cnicasydeintegrac\" />","<Field CommaSeparator=\"TRUE\" CustomUnitOnRight=\"TRUE\" Decimals=\"2\" DisplayName=\"Documentación técnica integral\" Format=\"Dropdown\" IsModern=\"TRUE\" Name=\"Documentaci_x00f3_nt_x00e9_cnica\" Percentage=\"FALSE\" Title=\"Documentación técnica integral\" Type=\"Number\" Unit=\"None\" ID=\"{7d8f741c-63af-469c-aef3-c850437b6d9c}\" StaticName=\"Documentaci_x00f3_nt_x00e9_cnica\" />","<Field CommaSeparator=\"TRUE\" CustomUnitOnRight=\"TRUE\" Decimals=\"2\" DisplayName=\"Rutinas de gestión y control interno 1\" Format=\"Dropdown\" IsModern=\"TRUE\" Name=\"Rutinasdegesti_x00f3_nycontrolin\" Percentage=\"FALSE\" Title=\"Rutinas de gestión y control interno 1\" Type=\"Number\" Unit=\"None\" ID=\"{c9725293-fb3b-4281-8fc2-0e46bc44586f}\" StaticName=\"Rutinasdegesti_x00f3_nycontrolin\" />","<Field CommaSeparator=\"TRUE\" CustomUnitOnRight=\"TRUE\" Decimals=\"2\" DisplayName=\"Rutinas de gestión y control interno 2\" Format=\"Dropdown\" IsModern=\"TRUE\" Name=\"Rutinasdegesti_x00f3_nycontrolin0\" Percentage=\"FALSE\" Title=\"Rutinas de gestión y control interno 2\" Type=\"Number\" Unit=\"None\" ID=\"{513bd2d3-0140-4691-bd9a-3bf938fed8f0}\" StaticName=\"Rutinasdegesti_x00f3_nycontrolin0\" />","<Field CommaSeparator=\"TRUE\" CustomUnitOnRight=\"TRUE\" Decimals=\"2\" DisplayName=\"Rutinas de gestión y control interno 3\" Format=\"Dropdown\" IsModern=\"TRUE\" Name=\"Rutinasdegesti_x00f3_nycontrolin1\" Percentage=\"FALSE\" Title=\"Rutinas de gestión y control interno 3\" Type=\"Number\" Unit=\"None\" ID=\"{a6773974-d7b6-4950-a9ec-5cb4cc4827a3}\" StaticName=\"Rutinasdegesti_x00f3_nycontrolin1\" />","<Field CommaSeparator=\"TRUE\" CustomUnitOnRight=\"TRUE\" Decimals=\"2\" DisplayName=\"Coordinación con DS y PM\" Format=\"Dropdown\" IsModern=\"TRUE\" Name=\"Coordinaci_x00f3_nconDSyPM\" Percentage=\"FALSE\" Title=\"Coordinación con DS y PM\" Type=\"Number\" Unit=\"None\" ID=\"{23de57e3-d92c-4a6b-a5f4-091adb8d50a5}\" StaticName=\"Coordinaci_x00f3_nconDSyPM\" />","<Field CommaSeparator=\"TRUE\" CustomUnitOnRight=\"TRUE\" Decimals=\"2\" DisplayName=\" Cumplimiento de lineamientos de trabajo remoto 1\" Format=\"Dropdown\" IsModern=\"TRUE\" Name=\"Cumplimientodelineamientosdetrab\" Percentage=\"FALSE\" Title=\" Cumplimiento de lineamientos de trabajo remoto 1\" Type=\"Number\" Unit=\"None\" ID=\"{1e261efa-0c69-4386-abef-4fb5f9744129}\" StaticName=\"Cumplimientodelineamientosdetrab\" />","<Field CommaSeparator=\"TRUE\" CustomUnitOnRight=\"TRUE\" Decimals=\"2\" DisplayName=\"Cumplimiento de lineamientos de trabajo remoto 2\" Format=\"Dropdown\" IsModern=\"TRUE\" Name=\"Cumplimientodelineamientosdetrab0\" Percentage=\"FALSE\" Title=\"Cumplimiento de lineamientos de trabajo remoto 2\" Type=\"Number\" Unit=\"None\" ID=\"{5c7d85e8-24fd-4409-9ad4-912ca39319bf}\" StaticName=\"Cumplimientodelineamientosdetrab0\" />","<Field CommaSeparator=\"TRUE\" CustomUnitOnRight=\"TRUE\" Decimals=\"2\" DisplayName=\"Optimización de pipelines\" Format=\"Dropdown\" IsModern=\"TRUE\" Name=\"Optimizaci_x00f3_ndepipelines\" Percentage=\"FALSE\" Title=\"Optimización de pipelines\" Type=\"Number\" Unit=\"None\" ID=\"{b567b20b-615c-4023-aee8-cd4fe0ac30f1}\" StaticName=\"Optimizaci_x00f3_ndepipelines\" />","<Field CommaSeparator=\"TRUE\" CustomUnitOnRight=\"TRUE\" Decimals=\"2\" DisplayName=\"Runbooks\" Format=\"Dropdown\" IsModern=\"TRUE\" Name=\"Runbooks\" Percentage=\"FALSE\" Title=\"Runbooks\" Type=\"Number\" Unit=\"None\" ID=\"{d3b9d637-fafd-46ae-a421-98c3916101c2}\" StaticName=\"Runbooks\" />","<Field CommaSeparator=\"TRUE\" CustomUnitOnRight=\"TRUE\" Decimals=\"2\" DisplayName=\"Informe de transición\" Format=\"Dropdown\" IsModern=\"TRUE\" Name=\"Informedetransici_x00f3_n\" Percentage=\"FALSE\" Title=\"Informe de transición\" Type=\"Number\" Unit=\"None\" ID=\"{69256b98-8c82-4e01-800b-2b984dab190c}\" StaticName=\"Informedetransici_x00f3_n\" />","<Field CommaSeparator=\"TRUE\" CustomUnitOnRight=\"TRUE\" Decimals=\"2\" DisplayName=\"Esquemas de Bases de datos\" Format=\"Dropdown\" IsModern=\"TRUE\" Name=\"EsquemasdeBasesdedatos\" Percentage=\"FALSE\" Title=\"Esquemas de Bases de datos\" Type=\"Number\" Unit=\"None\" ID=\"{cd12aae4-3926-43e0-b22a-153983e78e0a}\" StaticName=\"EsquemasdeBasesdedatos\" />","<Field CommaSeparator=\"TRUE\" CustomUnitOnRight=\"TRUE\" Decimals=\"2\" DisplayName=\"Matriz de trazabilidad\" Format=\"Dropdown\" IsModern=\"TRUE\" Name=\"Matrizdetrazabilidad\" Percentage=\"FALSE\" Title=\"Matriz de trazabilidad\" Type=\"Number\" Unit=\"None\" ID=\"{3bc29069-bcb9-48d2-9c6c-f4a430cf0a8e}\" StaticName=\"Matrizdetrazabilidad\" />","<Field CommaSeparator=\"TRUE\" CustomUnitOnRight=\"TRUE\" Decimals=\"2\" DisplayName=\"Aseguramiento de calidad técnica del equipo 1\" Format=\"Dropdown\" IsModern=\"TRUE\" Name=\"Aseguramientodecalidadt_x00e9_cn\" Percentage=\"FALSE\" Title=\"Aseguramiento de calidad técnica del equipo 1\" Type=\"Number\" Unit=\"None\" ID=\"{b4139c53-51e3-4971-87bf-b06e6c9dc420}\" StaticName=\"Aseguramientodecalidadt_x00e9_cn\" />","<Field CommaSeparator=\"TRUE\" CustomUnitOnRight=\"TRUE\" Decimals=\"2\" DisplayName=\"Aseguramiento de calidad técnica del equipo 2\" Format=\"Dropdown\" IsModern=\"TRUE\" Name=\"Aseguramientodecalidadt_x00e9_cn0\" Percentage=\"FALSE\" Title=\"Aseguramiento de calidad técnica del equipo 2\" Type=\"Number\" Unit=\"None\" ID=\"{b5c31346-6370-46bb-95b9-bfbeae9b1d34}\" StaticName=\"Aseguramientodecalidadt_x00e9_cn0\" />","<Field CommaSeparator=\"TRUE\" CustomUnitOnRight=\"TRUE\" Decimals=\"2\" DisplayName=\"Aseguramiento de calidad técnica del equipo 3\" Format=\"Dropdown\" IsModern=\"TRUE\" Name=\"Aseguramientodecalidadt_x00e9_cn1\" Percentage=\"FALSE\" Title=\"Aseguramiento de calidad técnica del equipo 3\" Type=\"Number\" Unit=\"None\" ID=\"{b8e1c088-5434-4495-b90d-be3dbe9b92ae}\" StaticName=\"Aseguramientodecalidadt_x00e9_cn1\" />","<Field CommaSeparator=\"TRUE\" CustomUnitOnRight=\"TRUE\" Decimals=\"2\" DisplayName=\"Guía y soporte al equipo de proyecto 1\" Format=\"Dropdown\" IsModern=\"TRUE\" Name=\"Gu_x00ed_aysoportealequipodeproy\" Percentage=\"FALSE\" Title=\"Guía y soporte al equipo de proyecto 1\" Type=\"Number\" Unit=\"None\" ID=\"{a58a4ac4-78c3-4a74-ae84-9b7138537709}\" StaticName=\"Gu_x00ed_aysoportealequipodeproy\" />","<Field CommaSeparator=\"TRUE\" CustomUnitOnRight=\"TRUE\" Decimals=\"2\" DisplayName=\"Guía y soporte al equipo de proyecto 2\" Format=\"Dropdown\" IsModern=\"TRUE\" Name=\"Gu_x00ed_aysoportealequipodeproy0\" Percentage=\"FALSE\" Title=\"Guía y soporte al equipo de proyecto 2\" Type=\"Number\" Unit=\"None\" ID=\"{96fdd7a2-a9a2-4af5-b565-dd3d1d557b04}\" StaticName=\"Gu_x00ed_aysoportealequipodeproy0\" />","<Field CommaSeparator=\"TRUE\" CustomUnitOnRight=\"TRUE\" Decimals=\"2\" DisplayName=\"Guía y soporte al equipo de proyecto 3\" Format=\"Dropdown\" IsModern=\"TRUE\" Name=\"Gu_x00ed_aysoportealequipodeproy1\" Percentage=\"FALSE\" Title=\"Guía y soporte al equipo de proyecto 3\" Type=\"Number\" Unit=\"None\" ID=\"{98d06470-1666-415d-a811-8e9bb9028e5a}\" StaticName=\"Gu_x00ed_aysoportealequipodeproy1\" />","<Field ClientSideComponentId=\"00000000-0000-0000-0000-000000000000\" CommaSeparator=\"TRUE\" CustomUnitOnRight=\"TRUE\" Decimals=\"2\" DisplayName=\"Guía y soporte al equipo de proyecto 4\" Format=\"Dropdown\" Name=\"Gu_x00ed_aysoportealequipodeproy2\" Percentage=\"FALSE\" Title=\"Guía y soporte al equipo de proyecto 4\" Type=\"Number\" Unit=\"None\" ID=\"{48cc03ad-8dc0-467e-9b4f-e6b621efc140}\" StaticName=\"Gu_x00ed_aysoportealequipodeproy2\" />","<Field CommaSeparator=\"TRUE\" CustomUnitOnRight=\"TRUE\" Decimals=\"2\" DisplayName=\"Guía y soporte al equipo de proyecto 5\" Format=\"Dropdown\" IsModern=\"TRUE\" Name=\"Gu_x00ed_aysoportealequipodeproy3\" Percentage=\"FALSE\" Title=\"Guía y soporte al equipo de proyecto 5\" Type=\"Number\" Unit=\"None\" ID=\"{73f05641-b2a2-4a39-8dba-b6acac409e43}\" StaticName=\"Gu_x00ed_aysoportealequipodeproy3\" />","<Field CommaSeparator=\"TRUE\" CustomUnitOnRight=\"TRUE\" Decimals=\"2\" DisplayName=\"Guía y soporte al equipo de proyecto 6\" Format=\"Dropdown\" IsModern=\"TRUE\" Name=\"Gu_x00ed_aysoportealequipodeproy4\" Percentage=\"FALSE\" Title=\"Guía y soporte al equipo de proyecto 6\" Type=\"Number\" Unit=\"None\" ID=\"{ebd9097c-2e48-4002-b60f-6af545f3dadf}\" StaticName=\"Gu_x00ed_aysoportealequipodeproy4\" />","<Field CommaSeparator=\"TRUE\" CustomUnitOnRight=\"TRUE\" Decimals=\"2\" DisplayName=\"Guía y soporte al equipo de proyecto 7\" Format=\"Dropdown\" IsModern=\"TRUE\" Name=\"Gu_x00ed_aysoportealequipodeproy5\" Percentage=\"FALSE\" Title=\"Guía y soporte al equipo de proyecto 7\" Type=\"Number\" Unit=\"None\" ID=\"{160647c3-8938-475c-a4db-30974cc5c310}\" StaticName=\"Gu_x00ed_aysoportealequipodeproy5\" />","<Field CommaSeparator=\"TRUE\" CustomUnitOnRight=\"TRUE\" Decimals=\"2\" DisplayName=\"Guía y soporte al equipo interno 1\" Format=\"Dropdown\" IsModern=\"TRUE\" Name=\"Gu_x00ed_aysoportealequipointern\" Percentage=\"FALSE\" Title=\"Guía y soporte al equipo interno 1\" Type=\"Number\" Unit=\"None\" ID=\"{d33f9c44-6c8b-4642-bef8-5627766538aa}\" StaticName=\"Gu_x00ed_aysoportealequipointern\" />","<Field CommaSeparator=\"TRUE\" CustomUnitOnRight=\"TRUE\" Decimals=\"2\" DisplayName=\"Guía y soporte al equipo interno 2\" Format=\"Dropdown\" IsModern=\"TRUE\" Name=\"Gu_x00ed_aysoportealequipointern0\" Percentage=\"FALSE\" Title=\"Guía y soporte al equipo interno 2\" Type=\"Number\" Unit=\"None\" ID=\"{6f2f295f-a5b9-471b-95f1-3cd8b93dfe9e}\" StaticName=\"Gu_x00ed_aysoportealequipointern0\" />","<Field CommaSeparator=\"TRUE\" CustomUnitOnRight=\"TRUE\" Decimals=\"2\" DisplayName=\"Guía y soporte al equipo interno 3\" Format=\"Dropdown\" IsModern=\"TRUE\" Name=\"Gu_x00ed_aysoportealequipointern1\" Percentage=\"FALSE\" Title=\"Guía y soporte al equipo interno 3\" Type=\"Number\" Unit=\"None\" ID=\"{d5dc15dc-4170-4c80-a3ec-efad9487b7ee}\" StaticName=\"Gu_x00ed_aysoportealequipointern1\" />","<Field CommaSeparator=\"TRUE\" CustomUnitOnRight=\"TRUE\" Decimals=\"2\" DisplayName=\"Guía y soporte al equipo interno 4\" Format=\"Dropdown\" IsModern=\"TRUE\" Name=\"Gu_x00ed_aysoportealequipointern2\" Percentage=\"FALSE\" Title=\"Guía y soporte al equipo interno 4\" Type=\"Number\" Unit=\"None\" ID=\"{80bb740e-1b4f-4cf7-a1f3-147f6a91b43a}\" StaticName=\"Gu_x00ed_aysoportealequipointern2\" />","<Field CommaSeparator=\"TRUE\" CustomUnitOnRight=\"TRUE\" Decimals=\"2\" DisplayName=\"Guía y soporte al equipo interno 5\" Format=\"Dropdown\" IsModern=\"TRUE\" Name=\"Gu_x00ed_aysoportealequipointern3\" Percentage=\"FALSE\" Title=\"Guía y soporte al equipo interno 5\" Type=\"Number\" Unit=\"None\" ID=\"{cb621676-c210-4b6b-9f37-af5c201cae36}\" StaticName=\"Gu_x00ed_aysoportealequipointern3\" />","<Field CommaSeparator=\"TRUE\" CustomUnitOnRight=\"TRUE\" Decimals=\"2\" DisplayName=\"Guía y soporte al equipo interno 6\" Format=\"Dropdown\" IsModern=\"TRUE\" Name=\"Gu_x00ed_aysoportealequipointern4\" Percentage=\"FALSE\" Title=\"Guía y soporte al equipo interno 6\" Type=\"Number\" Unit=\"None\" ID=\"{6927e002-5292-4e7a-bc7d-b9052a2d83f4}\" StaticName=\"Gu_x00ed_aysoportealequipointern4\" />","<Field CommaSeparator=\"TRUE\" CustomUnitOnRight=\"TRUE\" Decimals=\"2\" DisplayName=\"Guía y soporte al equipo interno 7\" Format=\"Dropdown\" IsModern=\"TRUE\" Name=\"Gu_x00ed_aysoportealequipointern5\" Percentage=\"FALSE\" Title=\"Guía y soporte al equipo interno 7\" Type=\"Number\" Unit=\"None\" ID=\"{34ebc882-5c94-448b-af1f-6bd96bdae83f}\" StaticName=\"Gu_x00ed_aysoportealequipointern5\" />","<Field CommaSeparator=\"TRUE\" CustomUnitOnRight=\"TRUE\" Decimals=\"2\" DisplayName=\"Soporte comercial 1\" Format=\"Dropdown\" IsModern=\"TRUE\" Name=\"Soportecomercial1\" Percentage=\"FALSE\" Title=\"Soporte comercial 1\" Type=\"Number\" Unit=\"None\" ID=\"{f1160ffc-1b47-4cbf-9fe3-f73b4b6a5040}\" StaticName=\"Soportecomercial1\" />","<Field CommaSeparator=\"TRUE\" CustomUnitOnRight=\"TRUE\" Decimals=\"2\" DisplayName=\"Soporte comercial 2\" Format=\"Dropdown\" IsModern=\"TRUE\" Name=\"Soportecomercial2\" Percentage=\"FALSE\" Title=\"Soporte comercial 2\" Type=\"Number\" Unit=\"None\" ID=\"{ac40b42a-1054-4c76-85a6-dee9fa1b45f7}\" StaticName=\"Soportecomercial2\" />","<Field CommaSeparator=\"TRUE\" CustomUnitOnRight=\"TRUE\" Decimals=\"2\" DisplayName=\"Soporte comercial 3\" Format=\"Dropdown\" IsModern=\"TRUE\" Name=\"Soportecomercial3\" Percentage=\"FALSE\" Title=\"Soporte comercial 3\" Type=\"Number\" Unit=\"None\" ID=\"{645482b8-f6b2-423c-b1c9-19446c4662b2}\" StaticName=\"Soportecomercial3\" />","<Field CommaSeparator=\"TRUE\" CustomUnitOnRight=\"TRUE\" Decimals=\"2\" DisplayName=\"Soporte comercial 4\" Format=\"Dropdown\" IsModern=\"TRUE\" Name=\"Soportecomercial4\" Percentage=\"FALSE\" Title=\"Soporte comercial 4\" Type=\"Number\" Unit=\"None\" ID=\"{f220b55c-930e-4cf5-b2f3-2407f317a416}\" StaticName=\"Soportecomercial4\" />","<Field AppendOnly=\"FALSE\" DisplayName=\"Fortalezas\" Format=\"Dropdown\" IsModern=\"TRUE\" IsolateStyles=\"FALSE\" Name=\"Fortalezas\" RichText=\"FALSE\" RichTextMode=\"Compatible\" Title=\"Fortalezas\" Type=\"Note\" ID=\"{4d1c7202-a2a4-4ed8-acb5-d8b95c7205d2}\" StaticName=\"Fortalezas\" />","<Field AppendOnly=\"FALSE\" DisplayName=\"Oportunidades\" Format=\"Dropdown\" IsModern=\"TRUE\" IsolateStyles=\"FALSE\" Name=\"Oportunidades\" RichText=\"FALSE\" RichTextMode=\"Compatible\" Title=\"Oportunidades\" Type=\"Note\" ID=\"{5b07a5d3-0fe1-4121-88e2-8399c541a0fb}\" StaticName=\"Oportunidades\" />","<Field AppendOnly=\"FALSE\" DisplayName=\"Comentarios\" Format=\"Dropdown\" IsModern=\"TRUE\" IsolateStyles=\"FALSE\" Name=\"Comentarios\" RichText=\"FALSE\" RichTextMode=\"Compatible\" Title=\"Comentarios\" Type=\"Note\" ID=\"{5db10b63-76c6-4757-aefc-54b3553dbc9b}\" StaticName=\"Comentarios\" />","<Field ID=\"{82642ec8-ef9b-478f-acf9-31f7d45fbc31}\" ReadOnly=\"TRUE\" Type=\"Computed\" Name=\"LinkTitle\" DisplayName=\"Nombre del evaluado\" DisplayNameSrcField=\"Title\" ClassInfo=\"Menu\" AuthoringInfo=\"(linked to item with edit menu)\" ListItemMenuAllowed=\"Required\" LinkToItemAllowed=\"Prohibited\" SourceID=\"http://schemas.microsoft.com/sharepoint/v3\" StaticName=\"LinkTitle\" FromBaseType=\"TRUE\"><FieldRefs><FieldRef Name=\"Title\" /><FieldRef Name=\"LinkTitleNoMenu\" /><FieldRef Name=\"_EditMenuTableStart2\" /><FieldRef Name=\"_EditMenuTableEnd\" /></FieldRefs><DisplayPattern><FieldSwitch><Expr><GetVar Name=\"FreeForm\" /></Expr><Case Value=\"TRUE\"><Field Name=\"LinkTitleNoMenu\" /></Case><Default><HTML><![CDATA[<div class=\"ms-vb itx\" onmouseover=\"OnItem(this)\" CTXName=\"ctx]]></HTML><Field Name=\"_EditMenuTableStart2\" /><HTML><![CDATA[\">]]></HTML><Field Name=\"LinkTitleNoMenu\" /><HTML><![CDATA[</div>]]></HTML><HTML><![CDATA[<div class=\"s4-ctx\" onmouseover=\"OnChildItem(this.parentNode); return false;\">]]></HTML><HTML><![CDATA[<span>&nbsp;</span>]]></HTML><HTML><![CDATA[<a onfocus=\"OnChildItem(this.parentNode.parentNode); return false;\" onclick=\"PopMenuFromChevron(event); return false;\" href=\"javascript:;\" title=\"Open Menu\"></a>]]></HTML><HTML><![CDATA[<span>&nbsp;</span>]]></HTML><HTML><![CDATA[</div>]]></HTML></Default></FieldSwitch></DisplayPattern></Field>"]}
"Nombre del evaluado","Correo","Área","Puesto","Nombre del evaluador(es)","Promedio","Fortalezas","Oportunidades","Comentarios","Notas de alcance","Documento de alcance técnico","Checklist de requerimentos","Propuesta de conectividad","Reporte de calidad de datos","Reportes de pruebas","Reporte técnico de calidad de datos","Scripts de validación","Esquema preliminar de tablas","Notas técnicas","Scripts, Notebooks y pipelines","Checklist de ejecución","Documentación de scripts","Inventario de fuentes","Diagrama de arquitectura","Modelado de datos","Diseño de pipelines","Desarrollo de pipelines","Scripts de validación y calidad de datos","Pruebas técnicas y de integración","Documentación técnica integral","Rutinas de gestión y control interno 1","Rutinas de gestión y control interno 2","Rutinas de gestión y control interno 3","Coordinación con DS y PM"," Cumplimiento de lineamientos de trabajo remoto 1","Cumplimiento de lineamientos de trabajo remoto 2","Optimización de pipelines","Runbooks","Informe de transición","Esquemas de Bases de datos","Matriz de trazabilidad","Aseguramiento de calidad técnica del equipo 1","Aseguramiento de calidad técnica del equipo 2","Aseguramiento de calidad técnica del equipo 3","Guía y soporte al equipo de proyecto 1","Guía y soporte al equipo de proyecto 2","Guía y soporte al equipo de proyecto 3","Guía y soporte al equipo de proyecto 4","Guía y soporte al equipo de proyecto 5","Guía y soporte al equipo de proyecto 6","Guía y soporte al equipo de proyecto 7","Guía y soporte al equipo interno 1","Guía y soporte al equipo interno 2","Guía y soporte al equipo interno 3","Guía y soporte al equipo interno 4","Guía y soporte al equipo interno 5","Guía y soporte al equipo interno 6","Guía y soporte al equipo interno 7","Soporte comercial 1","Soporte comercial 2","Soporte comercial 3","Soporte comercial 4"
"ID LEAD","jorge.toxtli@arena-analytics.com","Ingeniería de Datos","ID Lead","PRUEBA","3.00","F LEAD","O LEAD","C LEAD",,,,,,,,,,,,,,,,,,,,,,,,,,"3.00","3.00",,,,,,"3.00","3.00","3.00","3.00","3.00","3.00","3.00","3.00","3.00","4.00","3.00","3.00","3.00","3.00","3.00","3.00","2.00","3.00","3.00","3.00","3.00"
"ID JR","jorge.toxtli@arena-analytics.com","Ingeniería de Datos","ID Jr","PRUEBA","2.93","F JR","O JR","C JR","1.00","1.00","2.00","3.00","3.00","3.00","3.00","3.00","3.00","3.00","3.00","3.00","3.00","3.00","3.00","4.00","3.00","3.00","3.00","3.00","3.00","3.00","4.00","4.00","3.00","3.00","3.00",,,,,,,,,,,,,,,,,,,,,,,,,,
"ID SNR","jorge.toxtli@arena-analytics.com","Ingeniería de Datos","ID Snr","PRUEB","3.09","F SNR","O SNR","C SNR","3.00","3.00","3.00","3.00","3.00","3.00","3.00","3.00","3.00","3.00","3.00","3.00","3.00","3.00","4.00","3.00","3.00","3.00","3.00","3.00","3.00","3.00","3.00","4.00","3.00","3.00","3.00","4.00","3.00","3.00","3.00","3.00",,,,,,,,,,,,,,,,,,,,,
"ID MID","jorge.toxtli@arena-analytics.com","Ingeniería de Datos","ID Mid","PRUEBA","3.00","F MID","O MID","C MID","3.00","3.00","3.00","3.00","3.00","3.00","3.00","3.00","3.00","3.00","3.00","3.00","3.00","3.00","3.00","3.00","3.00","3.00","3.00","3.00","3.00","3.00","3.00","3.00","3.00","3.00","3.00","3.00","3.00","3.00",,,,,,,,,,,,,,,,,,,,,,,
"Gabriela","gabriela@arena-analytics.com","Ingeniería de Datos","ID Jr","fgffgfgfgf","1.00","dasdaidpoiasd","adasdp´kdsa","aodiadoaidas","1.00","1.00","1.00","1.00","1.00","1.00","1.00","1.00","1.00","1.00","1.00","1.00","1.00","1.00","1.00","1.00","1.00","1.00","1.00","1.00","1.00","1.00","1.00","1.00","1.00","1.00","1.00",,,,,,,,,,,,,,,,,,,,,,,,,,
"Gabri","gabriela@arena-analytics.com","Ingeniería de Datos","ID Lead","Hector","2.86","fsadfsifhidos","asdadjoapdo","asomdpaokda",,,,,,,,,,,,,,,,,,,,,,,,,,"3.00","3.00",,,,,,"1.00","4.00",,"3.00","2.00","2.00",,"3.00","3.00","3.00","3.00","3.00","3.00","3.00","3.00","3.00","3.00","3.00","3.00","3.00","3.00"
"gabd","gabriela@arena-analytics.com","Ingeniería de Datos","ID Mid","hahjsjdhs","2.77","gfgdfgdf","dgdfdfg","ggfdgdf","3.00","3.00","3.00","3.00","3.00","3.00","3.00","3.00","3.00","3.00","3.00","3.00","4.00",,"1.00","4.00","4.00","1.00","2.00","4.00",,"3.00","2.00","2.00","2.00","2.00","1.00","4.00",,,,,,,,,,,,,,,,,,,,,,,,,
"fsgfsdg","gabriela@arena-analytics.com","Ingeniería de Datos","ID Snr","xzczczxc","2.68","sdadasd","dasdas","adasdsda","2.00","3.00",,"3.00","4.00","3.00","2.00","2.00",,"3.00","2.00",,"2.00","2.00","3.00","2.00","2.00",,"4.00","4.00","3.00","4.00","2.00","1.00","2.00","4.00","3.00","2.00","3.00","4.00","2.00","2.00",,,,,,,,,,,,,,,,,,,,,
"Carmen Prueba 09062026","carmen@arena-analytics.com","Ingeniería de Datos","ID Jr","asdfadfaf","2.00","asdfasdfadsfaf","asdfadsfadf","asdfadsfa","2.00","2.00","2.00","2.00","2.00","2.00","2.00","2.00","2.00","2.00","2.00","2.00","2.00","2.00",,,,"2.00","2.00","2.00","2.00","2.00",,"2.00","2.00",,"2.00",,,,,,,,,,,,,,,,,,,,,,,,,,
"Carmen Prueba 2 09062026","carmen@arena-analytics.com","Ingeniería de Datos","ID Jr","asdfadsf","2.00","sdfgsdfgsfg","sdfgsfdgs","sdfgsdfg","2.00","2.00","2.00","2.00","2.00","2.00","2.00","2.00","2.00","2.00","2.00","2.00","2.00","2.00","2.00","2.00","2.00","2.00","2.00","2.00","2.00","2.00","2.00","2.00","2.00","2.00","2.00",,,,,,,,,,,,,,,,,,,,,,,,,,
