ListSchema={"schemaXmlList":["<Field ID=\"{fa564e0f-0c70-4ab9-b863-0177e6ddd247}\" Type=\"Text\" Name=\"Title\" DisplayName=\"Title\" Required=\"FALSE\" SourceID=\"http://schemas.microsoft.com/sharepoint/v3\" StaticName=\"Title\" FromBaseType=\"TRUE\" MaxLength=\"255\" />","<Field ClientSideComponentId=\"00000000-0000-0000-0000-000000000000\" CustomFormatter=\"{&quot;elmType&quot;:&quot;div&quot;,&quot;style&quot;:{&quot;flex-wrap&quot;:&quot;wrap&quot;,&quot;display&quot;:&quot;flex&quot;},&quot;children&quot;:[{&quot;elmType&quot;:&quot;div&quot;,&quot;style&quot;:{&quot;box-sizing&quot;:&quot;border-box&quot;,&quot;padding&quot;:&quot;4px 8px 5px 8px&quot;,&quot;overflow&quot;:&quot;hidden&quot;,&quot;text-overflow&quot;:&quot;ellipsis&quot;,&quot;display&quot;:&quot;flex&quot;,&quot;border-radius&quot;:&quot;16px&quot;,&quot;height&quot;:&quot;24px&quot;,&quot;align-items&quot;:&quot;center&quot;,&quot;white-space&quot;:&quot;nowrap&quot;,&quot;margin&quot;:&quot;4px 4px 4px 4px&quot;},&quot;attributes&quot;:{&quot;class&quot;:{&quot;operator&quot;:&quot;:&quot;,&quot;operands&quot;:[{&quot;operator&quot;:&quot;==&quot;,&quot;operands&quot;:[&quot;[$field_4]&quot;,&quot;Ingeniería de Datos&quot;]},&quot;sp-css-backgroundColor-BgTeal sp-css-borderColor-WhiteFont sp-css-color-WhiteFont sp-css-color-WhiteFont&quot;,{&quot;operator&quot;:&quot;:&quot;,&quot;operands&quot;:[{&quot;operator&quot;:&quot;==&quot;,&quot;operands&quot;:[&quot;[$field_4]&quot;,&quot;Ciencia de Datos&quot;]},&quot;sp-css-backgroundColor-BgLavender sp-css-borderColor-WhiteFont sp-css-color-WhiteFont sp-css-color-WhiteFont&quot;,{&quot;operator&quot;:&quot;:&quot;,&quot;operands&quot;:[{&quot;operator&quot;:&quot;==&quot;,&quot;operands&quot;:[&quot;[$field_4]&quot;,&quot;Product Manager&quot;]},&quot;sp-css-backgroundColor-BgBrown sp-css-borderColor-WhiteFont sp-css-color-WhiteFont sp-css-color-WhiteFont&quot;,{&quot;operator&quot;:&quot;:&quot;,&quot;operands&quot;:[{&quot;operator&quot;:&quot;==&quot;,&quot;operands&quot;:[&quot;[$field_4]&quot;,&quot;&quot;]},&quot;&quot;,{&quot;operator&quot;:&quot;:&quot;,&quot;operands&quot;:[{&quot;operator&quot;:&quot;==&quot;,&quot;operands&quot;:[&quot;[$field_4]&quot;,&quot;UX/UI&quot;]},&quot;sp-css-backgroundColor-BgGold sp-css-borderColor-GoldFont sp-css-color-GoldFont sp-css-color-GoldFont&quot;,{&quot;operator&quot;:&quot;:&quot;,&quot;operands&quot;:[{&quot;operator&quot;:&quot;==&quot;,&quot;operands&quot;:[&quot;[$field_4]&quot;,&quot;Product Manager&quot;]},&quot;sp-field-borderAllRegular sp-field-borderAllSolid sp-css-borderColor-neutralSecondary&quot;,{&quot;operator&quot;:&quot;:&quot;,&quot;operands&quot;:[{&quot;operator&quot;:&quot;==&quot;,&quot;operands&quot;:[&quot;[$field_4]&quot;,&quot;Choice 2&quot;]},&quot;sp-field-borderAllRegular sp-field-borderAllSolid sp-css-borderColor-neutralSecondary&quot;,{&quot;operator&quot;:&quot;:&quot;,&quot;operands&quot;:[{&quot;operator&quot;:&quot;==&quot;,&quot;operands&quot;:[&quot;[$field_4]&quot;,&quot;Choice 3&quot;]},&quot;sp-field-borderAllRegular sp-field-borderAllSolid sp-css-borderColor-neutralSecondary&quot;,&quot;sp-field-borderAllRegular sp-field-borderAllSolid sp-css-borderColor-neutralSecondary&quot;]}]}]}]}]}]}]}]}},&quot;children&quot;:[{&quot;elmType&quot;:&quot;span&quot;,&quot;style&quot;:{&quot;overflow&quot;:&quot;hidden&quot;,&quot;text-overflow&quot;:&quot;ellipsis&quot;,&quot;padding&quot;:&quot;0 3px&quot;},&quot;txtContent&quot;:&quot;[$field_4]&quot;,&quot;attributes&quot;:{&quot;class&quot;:{&quot;operator&quot;:&quot;:&quot;,&quot;operands&quot;:[{&quot;operator&quot;:&quot;==&quot;,&quot;operands&quot;:[&quot;[$field_4]&quot;,&quot;Ingeniería de Datos&quot;]},&quot;sp-css-color-WhiteFont&quot;,{&quot;operator&quot;:&quot;:&quot;,&quot;operands&quot;:[{&quot;operator&quot;:&quot;==&quot;,&quot;operands&quot;:[&quot;[$field_4]&quot;,&quot;Ciencia de Datos&quot;]},&quot;sp-css-color-WhiteFont&quot;,{&quot;operator&quot;:&quot;:&quot;,&quot;operands&quot;:[{&quot;operator&quot;:&quot;==&quot;,&quot;operands&quot;:[&quot;[$field_4]&quot;,&quot;Product Manager&quot;]},&quot;sp-css-color-WhiteFont&quot;,{&quot;operator&quot;:&quot;:&quot;,&quot;operands&quot;:[{&quot;operator&quot;:&quot;==&quot;,&quot;operands&quot;:[&quot;[$field_4]&quot;,&quot;&quot;]},&quot;&quot;,{&quot;operator&quot;:&quot;:&quot;,&quot;operands&quot;:[{&quot;operator&quot;:&quot;==&quot;,&quot;operands&quot;:[&quot;[$field_4]&quot;,&quot;UX/UI&quot;]},&quot;sp-css-color-GoldFont&quot;,{&quot;operator&quot;:&quot;:&quot;,&quot;operands&quot;:[{&quot;operator&quot;:&quot;==&quot;,&quot;operands&quot;:[&quot;[$field_4]&quot;,&quot;Product Manager&quot;]},&quot;&quot;,{&quot;operator&quot;:&quot;:&quot;,&quot;operands&quot;:[{&quot;operator&quot;:&quot;==&quot;,&quot;operands&quot;:[&quot;[$field_4]&quot;,&quot;Choice 2&quot;]},&quot;&quot;,{&quot;operator&quot;:&quot;:&quot;,&quot;operands&quot;:[{&quot;operator&quot;:&quot;==&quot;,&quot;operands&quot;:[&quot;[$field_4]&quot;,&quot;Choice 3&quot;]},&quot;&quot;,&quot;&quot;]}]}]}]}]}]}]}]}}}]}],&quot;templateId&quot;:&quot;BgColorChoicePill&quot;}\" DisplayName=\"Área\" Format=\"Dropdown\" MaxLength=\"255\" Name=\"field_4\" Title=\"Área\" Type=\"Text\" ID=\"{aba7932f-86d6-4e69-ae60-4c13bd6fb57b}\" StaticName=\"field_4\" />","<Field Type=\"Text\" DisplayName=\"Nombre del evaluador(es)\" Name=\"field_6\" ID=\"{849427de-cbff-45c8-90de-cc947dfdfa73}\" StaticName=\"field_6\" />","<Field ClientSideComponentId=\"00000000-0000-0000-0000-000000000000\" CommaSeparator=\"TRUE\" CustomUnitOnRight=\"FALSE\" Decimals=\"2\" DisplayName=\"Documentación del plan y del avance \" Format=\"Dropdown\" Name=\"field_7\" Percentage=\"FALSE\" Title=\"Documentación del plan y del avance \" Type=\"Number\" Unit=\"None\" ID=\"{b230b356-88bd-4880-846a-387cf9a1231f}\" StaticName=\"field_7\" />","<Field ClientSideComponentId=\"00000000-0000-0000-0000-000000000000\" CommaSeparator=\"TRUE\" CustomUnitOnRight=\"FALSE\" Decimals=\"2\" DisplayName=\"Documentación del plan y del avance 1\" Format=\"Dropdown\" Name=\"field_8\" Percentage=\"FALSE\" Title=\"Documentación del plan y del avance 1\" Type=\"Number\" Unit=\"None\" ID=\"{34a79278-110e-4210-b2d1-bae6e14cac78}\" StaticName=\"field_8\" />","<Field ClientSideComponentId=\"00000000-0000-0000-0000-000000000000\" CommaSeparator=\"TRUE\" CustomUnitOnRight=\"TRUE\" Decimals=\"2\" DisplayName=\"Documentación del plan y del avance 2\" Format=\"Dropdown\" Name=\"field_9\" Percentage=\"FALSE\" Title=\"Documentación del plan y del avance 2\" Type=\"Number\" Unit=\"None\" ID=\"{d038c16b-52d8-4a44-bd51-27e9a43ead41}\" StaticName=\"field_9\" />","<Field ClientSideComponentId=\"00000000-0000-0000-0000-000000000000\" CommaSeparator=\"TRUE\" CustomUnitOnRight=\"FALSE\" Decimals=\"2\" DisplayName=\"Documentación del plan y del avance 3\" Format=\"Dropdown\" Name=\"field_10\" Percentage=\"FALSE\" Title=\"Documentación del plan y del avance 3\" Type=\"Number\" Unit=\"None\" ID=\"{887bee93-3a09-4c6e-9fa4-1467a2e1f6c3}\" StaticName=\"field_10\" />","<Field ClientSideComponentId=\"00000000-0000-0000-0000-000000000000\" CommaSeparator=\"TRUE\" CustomUnitOnRight=\"FALSE\" Decimals=\"2\" DisplayName=\"Documentación del plan y del avance 4\" Format=\"Dropdown\" Name=\"field_11\" Percentage=\"FALSE\" Title=\"Documentación del plan y del avance 4\" Type=\"Number\" Unit=\"None\" ID=\"{1b73d01a-6df9-4ef0-b1a3-25596d719db7}\" StaticName=\"field_11\" />","<Field ClientSideComponentId=\"00000000-0000-0000-0000-000000000000\" CommaSeparator=\"TRUE\" CustomUnitOnRight=\"FALSE\" Decimals=\"2\" DisplayName=\"Documentación del plan y del avance 5\" Format=\"Dropdown\" Name=\"field_12\" Percentage=\"FALSE\" Title=\"Documentación del plan y del avance 5\" Type=\"Number\" Unit=\"None\" ID=\"{f4e3d626-9974-457e-ab34-059aa84102e6}\" StaticName=\"field_12\" />","<Field ClientSideComponentId=\"00000000-0000-0000-0000-000000000000\" CommaSeparator=\"TRUE\" CustomUnitOnRight=\"FALSE\" Decimals=\"2\" DisplayName=\"Documentación del plan y del avance 6\" Format=\"Dropdown\" Name=\"field_13\" Percentage=\"FALSE\" Title=\"Documentación del plan y del avance 6\" Type=\"Number\" Unit=\"None\" ID=\"{1a99b910-7725-4116-adac-ae79f4ea8d9a}\" StaticName=\"field_13\" />","<Field ClientSideComponentId=\"00000000-0000-0000-0000-000000000000\" CommaSeparator=\"TRUE\" CustomUnitOnRight=\"FALSE\" Decimals=\"2\" DisplayName=\"Documentación del plan y del avance 7\" Format=\"Dropdown\" Name=\"field_14\" Percentage=\"FALSE\" Title=\"Documentación del plan y del avance 7\" Type=\"Number\" Unit=\"None\" ID=\"{390509c5-c682-4048-a551-96570f6e6712}\" StaticName=\"field_14\" />","<Field ClientSideComponentId=\"00000000-0000-0000-0000-000000000000\" CommaSeparator=\"TRUE\" CustomUnitOnRight=\"FALSE\" Decimals=\"2\" DisplayName=\"Rutinas de gestión \" Format=\"Dropdown\" Name=\"field_15\" Percentage=\"FALSE\" Title=\"Rutinas de gestión \" Type=\"Number\" Unit=\"None\" ID=\"{007cd3bc-984c-4d98-82b7-5f863719f2fd}\" StaticName=\"field_15\" />","<Field ClientSideComponentId=\"00000000-0000-0000-0000-000000000000\" CommaSeparator=\"TRUE\" CustomUnitOnRight=\"FALSE\" Decimals=\"2\" DisplayName=\"Rutinas de gestión 1\" Format=\"Dropdown\" Name=\"field_16\" Percentage=\"FALSE\" Title=\"Rutinas de gestión 1\" Type=\"Number\" Unit=\"None\" ID=\"{8420a895-b8d8-49a6-ae1d-0d8fc6f9462d}\" StaticName=\"field_16\" />","<Field ClientSideComponentId=\"00000000-0000-0000-0000-000000000000\" CommaSeparator=\"TRUE\" CustomUnitOnRight=\"TRUE\" Decimals=\"2\" DisplayName=\"Rutinas de gestión 2\" Format=\"Dropdown\" Name=\"field_17\" Percentage=\"FALSE\" Title=\"Rutinas de gestión 2\" Type=\"Number\" Unit=\"None\" ID=\"{2153c68c-3292-4de5-99bd-63cdf26110a3}\" StaticName=\"field_17\" />","<Field ClientSideComponentId=\"00000000-0000-0000-0000-000000000000\" CommaSeparator=\"TRUE\" CustomUnitOnRight=\"FALSE\" Decimals=\"2\" DisplayName=\"Rutinas de gestión 3\" Format=\"Dropdown\" Name=\"field_18\" Percentage=\"FALSE\" Title=\"Rutinas de gestión 3\" Type=\"Number\" Unit=\"None\" ID=\"{6630df49-a16a-4cb0-9e18-512e9c10c1bd}\" StaticName=\"field_18\" />","<Field ClientSideComponentId=\"00000000-0000-0000-0000-000000000000\" CommaSeparator=\"TRUE\" CustomUnitOnRight=\"FALSE\" Decimals=\"2\" DisplayName=\"Rutinas de gestión 4\" Format=\"Dropdown\" Name=\"field_19\" Percentage=\"FALSE\" Title=\"Rutinas de gestión 4\" Type=\"Number\" Unit=\"None\" ID=\"{3cbc2d88-5bcf-4c2c-9dec-e5539a8e066c}\" StaticName=\"field_19\" />","<Field ClientSideComponentId=\"00000000-0000-0000-0000-000000000000\" CommaSeparator=\"TRUE\" CustomUnitOnRight=\"FALSE\" Decimals=\"2\" DisplayName=\"Rutinas de gestión 5\" Format=\"Dropdown\" Name=\"field_20\" Percentage=\"FALSE\" Title=\"Rutinas de gestión 5\" Type=\"Number\" Unit=\"None\" ID=\"{8a96d93e-1e62-4275-b28d-7be586d62639}\" StaticName=\"field_20\" />","<Field ClientSideComponentId=\"00000000-0000-0000-0000-000000000000\" CommaSeparator=\"TRUE\" CustomUnitOnRight=\"FALSE\" Decimals=\"2\" DisplayName=\"Cuestionamiento y validación de resultados\" Format=\"Dropdown\" Name=\"field_21\" Percentage=\"FALSE\" Title=\"Cuestionamiento y validación de resultados\" Type=\"Number\" Unit=\"None\" ID=\"{2bf75bea-2ed9-4313-9597-5766effe34e3}\" StaticName=\"field_21\" />","<Field ClientSideComponentId=\"00000000-0000-0000-0000-000000000000\" CommaSeparator=\"TRUE\" CustomUnitOnRight=\"FALSE\" Decimals=\"2\" DisplayName=\"Cuestionamiento y validación de resultados1\" Format=\"Dropdown\" Name=\"field_22\" Percentage=\"FALSE\" Title=\"Cuestionamiento y validación de resultados1\" Type=\"Number\" Unit=\"None\" ID=\"{990251b1-3bd6-4b75-a0b5-b8e452deb9ed}\" StaticName=\"field_22\" />","<Field ClientSideComponentId=\"00000000-0000-0000-0000-000000000000\" CommaSeparator=\"TRUE\" CustomUnitOnRight=\"TRUE\" Decimals=\"2\" DisplayName=\"Cuestionamiento y validación de resultados2\" Format=\"Dropdown\" Name=\"field_23\" Percentage=\"FALSE\" Title=\"Cuestionamiento y validación de resultados2\" Type=\"Number\" Unit=\"None\" ID=\"{8b39ebaa-b378-4291-a161-ebc70c4d24a1}\" StaticName=\"field_23\" />","<Field ClientSideComponentId=\"00000000-0000-0000-0000-000000000000\" CommaSeparator=\"TRUE\" CustomUnitOnRight=\"FALSE\" Decimals=\"2\" DisplayName=\"Preparación de reuniones y seguimiento con el cliente\" Format=\"Dropdown\" Name=\"field_24\" Percentage=\"FALSE\" Title=\"Preparación de reuniones y seguimiento con el cliente\" Type=\"Number\" Unit=\"None\" ID=\"{17dd820b-44f7-403c-977f-6be2958a8930}\" StaticName=\"field_24\" />","<Field ClientSideComponentId=\"00000000-0000-0000-0000-000000000000\" CommaSeparator=\"TRUE\" CustomUnitOnRight=\"FALSE\" Decimals=\"2\" DisplayName=\"Preparación de reuniones y seguimiento con el cliente1\" Format=\"Dropdown\" Name=\"field_25\" Percentage=\"FALSE\" Title=\"Preparación de reuniones y seguimiento con el cliente1\" Type=\"Number\" Unit=\"None\" ID=\"{bea250b9-ea3a-41cd-b16d-c936651af80f}\" StaticName=\"field_25\" />","<Field ClientSideComponentId=\"00000000-0000-0000-0000-000000000000\" CommaSeparator=\"TRUE\" CustomUnitOnRight=\"TRUE\" Decimals=\"2\" DisplayName=\"Preparación de reuniones y seguimiento con el cliente2\" Format=\"Dropdown\" Name=\"field_26\" Percentage=\"FALSE\" Title=\"Preparación de reuniones y seguimiento con el cliente2\" Type=\"Number\" Unit=\"None\" ID=\"{2236b4ab-4114-47e2-bafc-961152dff013}\" StaticName=\"field_26\" />","<Field ClientSideComponentId=\"00000000-0000-0000-0000-000000000000\" CommaSeparator=\"TRUE\" CustomUnitOnRight=\"FALSE\" Decimals=\"2\" DisplayName=\"Seguimiento a acuerdos y definiciones de las sesiones\" Format=\"Dropdown\" Name=\"field_27\" Percentage=\"FALSE\" Title=\"Seguimiento a acuerdos y definiciones de las sesiones\" Type=\"Number\" Unit=\"None\" ID=\"{63fb79cf-57c4-4280-8b2e-f33c34441ef0}\" StaticName=\"field_27\" />","<Field ClientSideComponentId=\"00000000-0000-0000-0000-000000000000\" CommaSeparator=\"TRUE\" CustomUnitOnRight=\"FALSE\" Decimals=\"2\" DisplayName=\"Seguimiento a acuerdos y definiciones de las sesiones1\" Format=\"Dropdown\" Name=\"field_28\" Percentage=\"FALSE\" Title=\"Seguimiento a acuerdos y definiciones de las sesiones1\" Type=\"Number\" Unit=\"None\" ID=\"{3e9f9ed4-c86a-463c-996b-60149861df6e}\" StaticName=\"field_28\" />","<Field ClientSideComponentId=\"00000000-0000-0000-0000-000000000000\" CommaSeparator=\"TRUE\" CustomUnitOnRight=\"FALSE\" Decimals=\"2\" DisplayName=\"Seguimiento a acuerdos y definiciones de las sesiones2\" Format=\"Dropdown\" Name=\"field_29\" Percentage=\"FALSE\" Title=\"Seguimiento a acuerdos y definiciones de las sesiones2\" Type=\"Number\" Unit=\"None\" ID=\"{5e4c138f-d499-45ea-901a-981a3338954a}\" StaticName=\"field_29\" />","<Field Type=\"Number\" DisplayName=\"Análisis de impactos ante cambios\" Name=\"field_30\" ID=\"{0fef9b3f-2dc0-497a-97ed-25e6911290bd}\" StaticName=\"field_30\" />","<Field Type=\"Number\" DisplayName=\"Clarificación de criterios de aceptación ambiguos\" Name=\"field_31\" ID=\"{d38a9c47-d01f-4b28-9a4d-797b67413264}\" StaticName=\"field_31\" />","<Field Type=\"Number\" DisplayName=\"Detección temprana de desviaciones de calidad\" Name=\"field_32\" ID=\"{31a08c4d-5060-4f10-89b2-bbd8fb7993bf}\" StaticName=\"field_32\" />","<Field Type=\"Number\" DisplayName=\"Gestión consciente de dependencias\" Name=\"field_33\" ID=\"{0ea1e10c-89e6-4614-a6fe-7abc1dc314e2}\" StaticName=\"field_33\" />","<Field Type=\"Number\" DisplayName=\"Preparación para validaciones\" Name=\"field_34\" ID=\"{d5385fb6-4bab-4043-aef4-16782b43dd86}\" StaticName=\"field_34\" />","<Field Type=\"Number\" DisplayName=\"Traducción técnica de los elementos del proyecto al stakeholder\" Name=\"field_35\" ID=\"{1e3d0058-07fb-4b10-968a-af2300a94c99}\" StaticName=\"field_35\" />","<Field Type=\"Number\" DisplayName=\"Dominio de estrategias de comunicación con stakeholders\" Name=\"field_36\" ID=\"{410312a4-d31e-45d4-860e-ccf558b8716c}\" StaticName=\"field_36\" />","<Field Type=\"Number\" DisplayName=\"Evaluación de impacto sistémico\" Name=\"field_37\" ID=\"{c3402c87-2e95-473c-84aa-da8a77458ee7}\" StaticName=\"field_37\" />","<Field Type=\"Number\" DisplayName=\"Definición y defensa de límites de alcance\" Name=\"field_38\" ID=\"{c21c92c9-639a-41a3-8130-5d53a78a28ec}\" StaticName=\"field_38\" />","<Field Type=\"Number\" DisplayName=\"Re encuadre de problemas del cliente\" Name=\"field_39\" ID=\"{bdb97699-8125-4944-8b53-3dca9a423260}\" StaticName=\"field_39\" />","<Field Type=\"Number\" DisplayName=\"Intervención temprana en riesgos\" Name=\"field_40\" ID=\"{42890628-d244-4da5-b162-0346f817e481}\" StaticName=\"field_40\" />","<Field Type=\"Number\" DisplayName=\"Transferencia de criterio al equipo\" Name=\"field_41\" ID=\"{ec5dd65b-7bac-4f56-a220-3d79f777bc36}\" StaticName=\"field_41\" />","<Field Type=\"Number\" DisplayName=\"Posicionamiento como asesor de confianza con stakeholder\" Name=\"field_42\" ID=\"{07f3b83a-031a-4cb3-870d-69ca3f6c36af}\" StaticName=\"field_42\" />","<Field Type=\"Number\" DisplayName=\"Autonomía en la gestión y ejecución del proyecto\" Name=\"field_43\" ID=\"{000f9181-2315-46dd-ac52-4d012b8a1068}\" StaticName=\"field_43\" />","<Field ClientSideComponentId=\"00000000-0000-0000-0000-000000000000\" CommaSeparator=\"TRUE\" CustomUnitOnRight=\"TRUE\" Decimals=\"2\" DisplayName=\"Cumplimiento lineamientos de trabajo remoto\" Format=\"Dropdown\" Name=\"field_44\" Percentage=\"FALSE\" Title=\"Cumplimiento lineamientos de trabajo remoto\" Type=\"Number\" Unit=\"None\" ID=\"{09f21e5d-4d21-4056-af0b-13464e383011}\" StaticName=\"field_44\" />","<Field ClientSideComponentId=\"00000000-0000-0000-0000-000000000000\" CommaSeparator=\"TRUE\" CustomUnitOnRight=\"FALSE\" Decimals=\"2\" DisplayName=\"Cumplimiento lineamientos de trabajo remoto1\" Format=\"Dropdown\" Name=\"field_45\" Percentage=\"FALSE\" Title=\"Cumplimiento lineamientos de trabajo remoto1\" Type=\"Number\" Unit=\"None\" ID=\"{0c434e40-ee7d-4454-ba8a-bbaf87d73a3f}\" StaticName=\"field_45\" />","<Field ClientSideComponentId=\"00000000-0000-0000-0000-000000000000\" CommaSeparator=\"TRUE\" CustomUnitOnRight=\"FALSE\" Decimals=\"2\" DisplayName=\"Promedio\" Format=\"Dropdown\" Name=\"field_46\" Percentage=\"FALSE\" Title=\"Promedio\" Type=\"Number\" Unit=\"None\" ID=\"{ed1e3a84-74fc-444b-a98c-db8983f1b327}\" StaticName=\"field_46\" />","<Field ClientSideComponentId=\"00000000-0000-0000-0000-000000000000\" CustomFormatter=\"{&quot;elmType&quot;:&quot;div&quot;,&quot;style&quot;:{&quot;flex-wrap&quot;:&quot;wrap&quot;,&quot;display&quot;:&quot;flex&quot;},&quot;children&quot;:[{&quot;elmType&quot;:&quot;div&quot;,&quot;style&quot;:{&quot;box-sizing&quot;:&quot;border-box&quot;,&quot;padding&quot;:&quot;4px 8px 5px 8px&quot;,&quot;overflow&quot;:&quot;hidden&quot;,&quot;text-overflow&quot;:&quot;ellipsis&quot;,&quot;display&quot;:&quot;flex&quot;,&quot;border-radius&quot;:&quot;16px&quot;,&quot;height&quot;:&quot;24px&quot;,&quot;align-items&quot;:&quot;center&quot;,&quot;white-space&quot;:&quot;nowrap&quot;,&quot;margin&quot;:&quot;4px 4px 4px 4px&quot;},&quot;attributes&quot;:{&quot;class&quot;:{&quot;operator&quot;:&quot;:&quot;,&quot;operands&quot;:[{&quot;operator&quot;:&quot;==&quot;,&quot;operands&quot;:[&quot;[$Pueto]&quot;,&quot;PM Jr&quot;]},&quot;sp-css-backgroundColor-BgLightGray sp-css-borderColor-LightGrayFont sp-css-color-LightGrayFont sp-css-color-LightGrayFont&quot;,{&quot;operator&quot;:&quot;:&quot;,&quot;operands&quot;:[{&quot;operator&quot;:&quot;==&quot;,&quot;operands&quot;:[&quot;[$Pueto]&quot;,&quot;PM Mid&quot;]},&quot;sp-css-backgroundColor-BgLightGray sp-css-borderColor-LightGrayFont sp-css-color-LightGrayFont sp-css-color-LightGrayFont&quot;,{&quot;operator&quot;:&quot;:&quot;,&quot;operands&quot;:[{&quot;operator&quot;:&quot;==&quot;,&quot;operands&quot;:[&quot;[$Pueto]&quot;,&quot;PM Snr&quot;]},&quot;sp-css-backgroundColor-BgLightGray sp-css-borderColor-LightGrayFont sp-css-color-LightGrayFont sp-css-color-LightGrayFont&quot;,{&quot;operator&quot;:&quot;:&quot;,&quot;operands&quot;:[{&quot;operator&quot;:&quot;==&quot;,&quot;operands&quot;:[&quot;[$Pueto]&quot;,&quot;&quot;]},&quot;&quot;,{&quot;operator&quot;:&quot;:&quot;,&quot;operands&quot;:[{&quot;operator&quot;:&quot;==&quot;,&quot;operands&quot;:[&quot;[$Pueto]&quot;,&quot;PM Lead&quot;]},&quot;sp-css-backgroundColor-BgLightGray sp-css-borderColor-LightGrayFont sp-css-color-LightGrayFont sp-css-color-LightGrayFont&quot;,{&quot;operator&quot;:&quot;:&quot;,&quot;operands&quot;:[{&quot;operator&quot;:&quot;==&quot;,&quot;operands&quot;:[&quot;[$Pueto]&quot;,&quot;PM Jr&quot;]},&quot;sp-field-borderAllRegular sp-field-borderAllSolid sp-css-borderColor-neutralSecondary&quot;,{&quot;operator&quot;:&quot;:&quot;,&quot;operands&quot;:[{&quot;operator&quot;:&quot;==&quot;,&quot;operands&quot;:[&quot;[$Pueto]&quot;,&quot;PM Mid&quot;]},&quot;sp-field-borderAllRegular sp-field-borderAllSolid sp-css-borderColor-neutralSecondary&quot;,{&quot;operator&quot;:&quot;:&quot;,&quot;operands&quot;:[{&quot;operator&quot;:&quot;==&quot;,&quot;operands&quot;:[&quot;[$Pueto]&quot;,&quot;PM Snr&quot;]},&quot;sp-field-borderAllRegular sp-field-borderAllSolid sp-css-borderColor-neutralSecondary&quot;,{&quot;operator&quot;:&quot;:&quot;,&quot;operands&quot;:[{&quot;operator&quot;:&quot;==&quot;,&quot;operands&quot;:[&quot;[$Pueto]&quot;,&quot;PM Lead&quot;]},&quot;sp-css-backgroundColor-BgCoral sp-field-fontSizeSmall sp-css-color-CoralFont sp-css-color-CoralFont&quot;,&quot;sp-field-borderAllRegular sp-field-borderAllSolid sp-css-borderColor-neutralSecondary&quot;]}]}]}]}]}]}]}]}]}},&quot;children&quot;:[{&quot;elmType&quot;:&quot;span&quot;,&quot;style&quot;:{&quot;overflow&quot;:&quot;hidden&quot;,&quot;text-overflow&quot;:&quot;ellipsis&quot;,&quot;padding&quot;:&quot;0 3px&quot;},&quot;txtContent&quot;:&quot;[$Pueto]&quot;,&quot;attributes&quot;:{&quot;class&quot;:{&quot;operator&quot;:&quot;:&quot;,&quot;operands&quot;:[{&quot;operator&quot;:&quot;==&quot;,&quot;operands&quot;:[&quot;[$Pueto]&quot;,&quot;PM Jr&quot;]},&quot;sp-css-color-LightGrayFont&quot;,{&quot;operator&quot;:&quot;:&quot;,&quot;operands&quot;:[{&quot;operator&quot;:&quot;==&quot;,&quot;operands&quot;:[&quot;[$Pueto]&quot;,&quot;PM Mid&quot;]},&quot;sp-css-color-LightGrayFont&quot;,{&quot;operator&quot;:&quot;:&quot;,&quot;operands&quot;:[{&quot;operator&quot;:&quot;==&quot;,&quot;operands&quot;:[&quot;[$Pueto]&quot;,&quot;PM Snr&quot;]},&quot;sp-css-color-LightGrayFont&quot;,{&quot;operator&quot;:&quot;:&quot;,&quot;operands&quot;:[{&quot;operator&quot;:&quot;==&quot;,&quot;operands&quot;:[&quot;[$Pueto]&quot;,&quot;&quot;]},&quot;&quot;,{&quot;operator&quot;:&quot;:&quot;,&quot;operands&quot;:[{&quot;operator&quot;:&quot;==&quot;,&quot;operands&quot;:[&quot;[$Pueto]&quot;,&quot;PM Lead&quot;]},&quot;sp-css-color-LightGrayFont&quot;,{&quot;operator&quot;:&quot;:&quot;,&quot;operands&quot;:[{&quot;operator&quot;:&quot;==&quot;,&quot;operands&quot;:[&quot;[$Pueto]&quot;,&quot;PM Jr&quot;]},&quot;&quot;,{&quot;operator&quot;:&quot;:&quot;,&quot;operands&quot;:[{&quot;operator&quot;:&quot;==&quot;,&quot;operands&quot;:[&quot;[$Pueto]&quot;,&quot;PM Mid&quot;]},&quot;&quot;,{&quot;operator&quot;:&quot;:&quot;,&quot;operands&quot;:[{&quot;operator&quot;:&quot;==&quot;,&quot;operands&quot;:[&quot;[$Pueto]&quot;,&quot;PM Snr&quot;]},&quot;&quot;,{&quot;operator&quot;:&quot;:&quot;,&quot;operands&quot;:[{&quot;operator&quot;:&quot;==&quot;,&quot;operands&quot;:[&quot;[$Pueto]&quot;,&quot;PM Lead&quot;]},&quot;sp-field-fontSizeSmall sp-css-color-CoralFont&quot;,&quot;&quot;]}]}]}]}]}]}]}]}]}}}]}],&quot;templateId&quot;:&quot;BgColorChoicePill&quot;}\" DisplayName=\"Puesto\" Format=\"Dropdown\" MaxLength=\"255\" Name=\"Pueto\" Title=\"Puesto\" Type=\"Text\" ID=\"{4accd1a3-b766-4a1f-8eb5-bfd519edac80}\" StaticName=\"Pueto\" />","<Field ClientSideComponentId=\"00000000-0000-0000-0000-000000000000\" DisplayName=\"Correo\" Format=\"Dropdown\" MaxLength=\"255\" Name=\"Email\" Title=\"Correo\" Type=\"Text\" ID=\"{e067d273-d702-4cb9-8574-f6babd462c61}\" StaticName=\"Email\" />","<Field ClientSideComponentId=\"00000000-0000-0000-0000-000000000000\" CommaSeparator=\"TRUE\" CustomUnitOnRight=\"TRUE\" Decimals=\"2\" DisplayName=\"Aseguramiento de gestión de proyectos\" Format=\"Dropdown\" Name=\"Aseguramientodegesti_x00f3_ndepr\" Percentage=\"FALSE\" Title=\"Aseguramiento de gestión de proyectos\" Type=\"Number\" Unit=\"None\" ID=\"{e3f6a97d-97e4-4177-9b5e-9628342e140f}\" StaticName=\"Aseguramientodegesti_x00f3_ndepr\" />","<Field ClientSideComponentId=\"00000000-0000-0000-0000-000000000000\" CommaSeparator=\"TRUE\" CustomUnitOnRight=\"TRUE\" Decimals=\"2\" DisplayName=\"Guía y soporte al equipo de proyecto\" Format=\"Dropdown\" Name=\"Gu_x00ed_aysoportealequipodeproy\" Percentage=\"FALSE\" Title=\"Guía y soporte al equipo de proyecto\" Type=\"Number\" Unit=\"None\" ID=\"{9e953188-d82b-4a55-bc68-14f6a1d0209c}\" StaticName=\"Gu_x00ed_aysoportealequipodeproy\" />","<Field ClientSideComponentId=\"00000000-0000-0000-0000-000000000000\" CommaSeparator=\"TRUE\" CustomUnitOnRight=\"TRUE\" Decimals=\"2\" DisplayName=\"Guía y soporte al equipo de proyecto1\" Format=\"Dropdown\" Name=\"Gu_x00ed_aysoportealequipodeproy0\" Percentage=\"FALSE\" Title=\"Guía y soporte al equipo de proyecto1\" Type=\"Number\" Unit=\"None\" ID=\"{3101ddc5-2b10-45a2-81bf-87c38eaee05c}\" StaticName=\"Gu_x00ed_aysoportealequipodeproy0\" />","<Field ClientSideComponentId=\"00000000-0000-0000-0000-000000000000\" CommaSeparator=\"TRUE\" CustomUnitOnRight=\"TRUE\" Decimals=\"2\" DisplayName=\"Guía y soporte al equipo de proyecto2\" Format=\"Dropdown\" Name=\"Gu_x00ed_aysoportealequipodeproy1\" Percentage=\"FALSE\" Title=\"Guía y soporte al equipo de proyecto2\" Type=\"Number\" Unit=\"None\" ID=\"{1e5b9326-2969-4533-bb34-2c261a178dc1}\" StaticName=\"Gu_x00ed_aysoportealequipodeproy1\" />","<Field ClientSideComponentId=\"00000000-0000-0000-0000-000000000000\" CommaSeparator=\"TRUE\" CustomUnitOnRight=\"TRUE\" Decimals=\"2\" DisplayName=\"Guía y soporte al equipo de proyecto3\" Format=\"Dropdown\" Name=\"Gu_x00ed_aysoportealequipodeproy2\" Percentage=\"FALSE\" Title=\"Guía y soporte al equipo de proyecto3\" Type=\"Number\" Unit=\"None\" ID=\"{9ec4f125-a1b3-4f53-badf-534e40705a23}\" StaticName=\"Gu_x00ed_aysoportealequipodeproy2\" />","<Field ClientSideComponentId=\"00000000-0000-0000-0000-000000000000\" CommaSeparator=\"TRUE\" CustomUnitOnRight=\"TRUE\" Decimals=\"2\" DisplayName=\"Guía y soporte al equipo de proyecto4\" Format=\"Dropdown\" Name=\"Gu_x00ed_aysoportealequipodeproy3\" Percentage=\"FALSE\" Title=\"Guía y soporte al equipo de proyecto4\" Type=\"Number\" Unit=\"None\" ID=\"{969c1307-77f3-44d6-8666-ee7a8b9d6888}\" StaticName=\"Gu_x00ed_aysoportealequipodeproy3\" />","<Field ClientSideComponentId=\"00000000-0000-0000-0000-000000000000\" CommaSeparator=\"TRUE\" CustomUnitOnRight=\"TRUE\" Decimals=\"2\" DisplayName=\"Guía y soporte al equipo de proyecto5\" Format=\"Dropdown\" Name=\"Gu_x00ed_aysoportealequipodeproy4\" Percentage=\"FALSE\" Title=\"Guía y soporte al equipo de proyecto5\" Type=\"Number\" Unit=\"None\" ID=\"{566afbc6-90b1-48f4-93a5-c8d6b36a0a31}\" StaticName=\"Gu_x00ed_aysoportealequipodeproy4\" />","<Field ClientSideComponentId=\"00000000-0000-0000-0000-000000000000\" CommaSeparator=\"TRUE\" CustomUnitOnRight=\"TRUE\" Decimals=\"2\" DisplayName=\"Guía y soporte al equipo de proyecto6\" Format=\"Dropdown\" Name=\"Gu_x00ed_aysoportealequipodeproy5\" Percentage=\"FALSE\" Title=\"Guía y soporte al equipo de proyecto6\" Type=\"Number\" Unit=\"None\" ID=\"{a2492acd-f04f-48d6-9892-72927b7e7df0}\" StaticName=\"Gu_x00ed_aysoportealequipodeproy5\" />","<Field ClientSideComponentId=\"00000000-0000-0000-0000-000000000000\" CommaSeparator=\"TRUE\" CustomUnitOnRight=\"TRUE\" Decimals=\"2\" DisplayName=\"Guía y soporte al equipo de proyecto7\" Format=\"Dropdown\" Name=\"Gu_x00ed_aysoportealequipodeproy6\" Percentage=\"FALSE\" Title=\"Guía y soporte al equipo de proyecto7\" Type=\"Number\" Unit=\"None\" ID=\"{246951cd-cbb5-4822-b202-a6b3bc1b3599}\" StaticName=\"Gu_x00ed_aysoportealequipodeproy6\" />","<Field ClientSideComponentId=\"00000000-0000-0000-0000-000000000000\" CommaSeparator=\"TRUE\" CustomUnitOnRight=\"TRUE\" Decimals=\"2\" DisplayName=\"Aseguramiento de gestión de proyectos1\" Format=\"Dropdown\" Name=\"Aseguramientodegesti_x00f3_ndepr0\" Percentage=\"FALSE\" Title=\"Aseguramiento de gestión de proyectos1\" Type=\"Number\" Unit=\"None\" ID=\"{9ea1a450-add9-4976-81ea-0689303531a4}\" StaticName=\"Aseguramientodegesti_x00f3_ndepr0\" />","<Field ClientSideComponentId=\"00000000-0000-0000-0000-000000000000\" CommaSeparator=\"TRUE\" CustomUnitOnRight=\"TRUE\" Decimals=\"2\" DisplayName=\"Aseguramiento de gestión de proyectos2\" Format=\"Dropdown\" Name=\"Aseguramientodegesti_x00f3_ndepr1\" Percentage=\"FALSE\" Title=\"Aseguramiento de gestión de proyectos2\" Type=\"Number\" Unit=\"None\" ID=\"{b1651f62-02a7-4298-a530-1bf6ec6294da}\" StaticName=\"Aseguramientodegesti_x00f3_ndepr1\" />","<Field ClientSideComponentId=\"00000000-0000-0000-0000-000000000000\" CommaSeparator=\"TRUE\" CustomUnitOnRight=\"TRUE\" Decimals=\"2\" DisplayName=\"Guía y soporte al equipo interno\" Format=\"Dropdown\" Name=\"Gu_x00ed_aysoportealequipointern\" Percentage=\"FALSE\" Title=\"Guía y soporte al equipo interno\" Type=\"Number\" Unit=\"None\" ID=\"{8b3f867d-662c-4781-9b4d-8f78c954bfa0}\" StaticName=\"Gu_x00ed_aysoportealequipointern\" />","<Field ClientSideComponentId=\"00000000-0000-0000-0000-000000000000\" CommaSeparator=\"TRUE\" CustomUnitOnRight=\"TRUE\" Decimals=\"2\" DisplayName=\"Guía y soporte al equipo interno1\" Format=\"Dropdown\" Name=\"Gu_x00ed_aysoportealequipointern0\" Percentage=\"FALSE\" Title=\"Guía y soporte al equipo interno1\" Type=\"Number\" Unit=\"None\" ID=\"{c62b0be4-0024-44f0-a9fb-bf204ad49795}\" StaticName=\"Gu_x00ed_aysoportealequipointern0\" />","<Field ClientSideComponentId=\"00000000-0000-0000-0000-000000000000\" CommaSeparator=\"TRUE\" CustomUnitOnRight=\"TRUE\" Decimals=\"2\" DisplayName=\"Guía y soporte al equipo interno2\" Format=\"Dropdown\" Name=\"Gu_x00ed_aysoportealequipointern1\" Percentage=\"FALSE\" Title=\"Guía y soporte al equipo interno2\" Type=\"Number\" Unit=\"None\" ID=\"{68c3175d-e521-4ebc-8e80-e37f1b0adde6}\" StaticName=\"Gu_x00ed_aysoportealequipointern1\" />","<Field ClientSideComponentId=\"00000000-0000-0000-0000-000000000000\" CommaSeparator=\"TRUE\" CustomUnitOnRight=\"TRUE\" Decimals=\"2\" DisplayName=\"Guía y soporte al equipo interno3\" Format=\"Dropdown\" Name=\"Gu_x00ed_aysoportealequipointern2\" Percentage=\"FALSE\" Title=\"Guía y soporte al equipo interno3\" Type=\"Number\" Unit=\"None\" ID=\"{259c3d8e-cf05-4e73-8d41-9b3a789638da}\" StaticName=\"Gu_x00ed_aysoportealequipointern2\" />","<Field ClientSideComponentId=\"00000000-0000-0000-0000-000000000000\" CommaSeparator=\"TRUE\" CustomUnitOnRight=\"TRUE\" Decimals=\"2\" DisplayName=\"Guía y soporte al equipo interno4\" Format=\"Dropdown\" Name=\"Gu_x00ed_aysoportealequipointern3\" Percentage=\"FALSE\" Title=\"Guía y soporte al equipo interno4\" Type=\"Number\" Unit=\"None\" ID=\"{c04915c2-62ca-4626-87a4-92b32c3ebaec}\" StaticName=\"Gu_x00ed_aysoportealequipointern3\" />","<Field ClientSideComponentId=\"00000000-0000-0000-0000-000000000000\" CommaSeparator=\"TRUE\" CustomUnitOnRight=\"TRUE\" Decimals=\"2\" DisplayName=\"Guía y soporte al equipo interno5\" Format=\"Dropdown\" Name=\"Gu_x00ed_aysoportealequipointern4\" Percentage=\"FALSE\" Title=\"Guía y soporte al equipo interno5\" Type=\"Number\" Unit=\"None\" ID=\"{8acdb350-9b50-43db-819e-5418a7e13b01}\" StaticName=\"Gu_x00ed_aysoportealequipointern4\" />","<Field ClientSideComponentId=\"00000000-0000-0000-0000-000000000000\" CommaSeparator=\"TRUE\" CustomUnitOnRight=\"TRUE\" Decimals=\"2\" DisplayName=\"Guía y soporte al equipo interno6\" Format=\"Dropdown\" Name=\"Gu_x00ed_aysoportealequipointern5\" Percentage=\"FALSE\" Title=\"Guía y soporte al equipo interno6\" Type=\"Number\" Unit=\"None\" ID=\"{a8b4d7da-cbf3-4ac1-a9fb-b158fe3cfbd4}\" StaticName=\"Gu_x00ed_aysoportealequipointern5\" />","<Field ClientSideComponentId=\"00000000-0000-0000-0000-000000000000\" CommaSeparator=\"TRUE\" CustomUnitOnRight=\"TRUE\" Decimals=\"2\" DisplayName=\"Guía y soporte al equipo interno7\" Format=\"Dropdown\" Name=\"Gu_x00ed_aysoportealequipointern6\" Percentage=\"FALSE\" Title=\"Guía y soporte al equipo interno7\" Type=\"Number\" Unit=\"None\" ID=\"{41908b7f-9a75-4162-a704-bb2d856c478f}\" StaticName=\"Gu_x00ed_aysoportealequipointern6\" />","<Field ClientSideComponentId=\"00000000-0000-0000-0000-000000000000\" CommaSeparator=\"TRUE\" CustomUnitOnRight=\"TRUE\" Decimals=\"2\" DisplayName=\"Soporte comercial\" Format=\"Dropdown\" Name=\"Soportecomercial\" Percentage=\"FALSE\" Title=\"Soporte comercial\" Type=\"Number\" Unit=\"None\" ID=\"{8196058b-d1c4-4054-996c-a3d6cf3d4ea9}\" StaticName=\"Soportecomercial\" />","<Field ClientSideComponentId=\"00000000-0000-0000-0000-000000000000\" CommaSeparator=\"TRUE\" CustomUnitOnRight=\"TRUE\" Decimals=\"2\" DisplayName=\"Soporte comercial1\" Format=\"Dropdown\" Name=\"Soportecomercial1\" Percentage=\"FALSE\" Title=\"Soporte comercial1\" Type=\"Number\" Unit=\"None\" ID=\"{ebc549e3-829c-4986-b529-20e7de1f26b3}\" StaticName=\"Soportecomercial1\" />","<Field ClientSideComponentId=\"00000000-0000-0000-0000-000000000000\" CommaSeparator=\"TRUE\" CustomUnitOnRight=\"TRUE\" Decimals=\"2\" DisplayName=\"Soporte comercial2\" Format=\"Dropdown\" Name=\"Soportecomercial2\" Percentage=\"FALSE\" Title=\"Soporte comercial2\" Type=\"Number\" Unit=\"None\" ID=\"{4c64833f-45a0-420c-aff1-2f9b6168737b}\" StaticName=\"Soportecomercial2\" />","<Field ClientSideComponentId=\"00000000-0000-0000-0000-000000000000\" CommaSeparator=\"TRUE\" CustomUnitOnRight=\"TRUE\" Decimals=\"2\" DisplayName=\"Soporte comercial3\" Format=\"Dropdown\" Name=\"Soportecomercial3\" Percentage=\"FALSE\" Title=\"Soporte comercial3\" Type=\"Number\" Unit=\"None\" ID=\"{8af0eb8b-fd1e-46c2-b393-1ff16bbf5260}\" StaticName=\"Soportecomercial3\" />","<Field AppendOnly=\"FALSE\" DisplayName=\"Fortalezas\" Format=\"Dropdown\" IsModern=\"TRUE\" IsolateStyles=\"FALSE\" Name=\"Fortalezas\" RichText=\"FALSE\" RichTextMode=\"Compatible\" Title=\"Fortalezas\" Type=\"Note\" ID=\"{ab54e597-e3da-4686-a09c-1875f714bf9c}\" StaticName=\"Fortalezas\" />","<Field AppendOnly=\"FALSE\" DisplayName=\"Oportunidades\" Format=\"Dropdown\" IsModern=\"TRUE\" IsolateStyles=\"FALSE\" Name=\"Oportunidades\" RichText=\"FALSE\" RichTextMode=\"Compatible\" Title=\"Oportunidades\" Type=\"Note\" ID=\"{cce8eb58-1a4a-460b-aa7f-62dc68dd0c8d}\" StaticName=\"Oportunidades\" />","<Field AppendOnly=\"FALSE\" DisplayName=\"Comentarios\" Format=\"Dropdown\" IsModern=\"TRUE\" IsolateStyles=\"FALSE\" Name=\"Comentarios\" RichText=\"FALSE\" RichTextMode=\"Compatible\" Title=\"Comentarios\" Type=\"Note\" ID=\"{006e808a-71c3-4700-a69c-e4c9ff155533}\" StaticName=\"Comentarios\" />","<Field ID=\"{82642ec8-ef9b-478f-acf9-31f7d45fbc31}\" ReadOnly=\"TRUE\" Type=\"Computed\" Name=\"LinkTitle\" DisplayName=\"Nombre del evaluado\" DisplayNameSrcField=\"Title\" ClassInfo=\"Menu\" AuthoringInfo=\"(linked to item with edit menu)\" ListItemMenuAllowed=\"Required\" LinkToItemAllowed=\"Prohibited\" SourceID=\"http://schemas.microsoft.com/sharepoint/v3\" StaticName=\"LinkTitle\" FromBaseType=\"TRUE\"><FieldRefs><FieldRef Name=\"Title\" /><FieldRef Name=\"LinkTitleNoMenu\" /><FieldRef Name=\"_EditMenuTableStart2\" /><FieldRef Name=\"_EditMenuTableEnd\" /></FieldRefs><DisplayPattern><FieldSwitch><Expr><GetVar Name=\"FreeForm\" /></Expr><Case Value=\"TRUE\"><Field Name=\"LinkTitleNoMenu\" /></Case><Default><HTML><![CDATA[<div class=\"ms-vb itx\" onmouseover=\"OnItem(this)\" CTXName=\"ctx]]></HTML><Field Name=\"_EditMenuTableStart2\" /><HTML><![CDATA[\">]]></HTML><Field Name=\"LinkTitleNoMenu\" /><HTML><![CDATA[</div>]]></HTML><HTML><![CDATA[<div class=\"s4-ctx\" onmouseover=\"OnChildItem(this.parentNode); return false;\">]]></HTML><HTML><![CDATA[<span>&nbsp;</span>]]></HTML><HTML><![CDATA[<a onfocus=\"OnChildItem(this.parentNode.parentNode); return false;\" onclick=\"PopMenuFromChevron(event); return false;\" href=\"javascript:;\" title=\"Open Menu\"></a>]]></HTML><HTML><![CDATA[<span>&nbsp;</span>]]></HTML><HTML><![CDATA[</div>]]></HTML></Default></FieldSwitch></DisplayPattern></Field>"]}
"Nombre del evaluado","Correo","Área","Puesto","Nombre del evaluador(es)","Promedio","Fortalezas","Oportunidades","Comentarios","Documentación del plan y del avance ","Documentación del plan y del avance 1","Documentación del plan y del avance 2","Documentación del plan y del avance 3","Documentación del plan y del avance 4","Documentación del plan y del avance 5","Documentación del plan y del avance 6","Documentación del plan y del avance 7","Rutinas de gestión ","Rutinas de gestión 1","Rutinas de gestión 2","Rutinas de gestión 3","Rutinas de gestión 4","Rutinas de gestión 5","Cuestionamiento y validación de resultados","Cuestionamiento y validación de resultados1","Cuestionamiento y validación de resultados2","Preparación de reuniones y seguimiento con el cliente","Preparación de reuniones y seguimiento con el cliente1","Seguimiento a acuerdos y definiciones de las sesiones","Seguimiento a acuerdos y definiciones de las sesiones1","Seguimiento a acuerdos y definiciones de las sesiones2","Cumplimiento lineamientos de trabajo remoto","Cumplimiento lineamientos de trabajo remoto1","Análisis de impactos ante cambios","Clarificación de criterios de aceptación ambiguos","Detección temprana de desviaciones de calidad","Gestión consciente de dependencias","Preparación para validaciones","Traducción técnica de los elementos del proyecto al stakeholder","Dominio de estrategias de comunicación con stakeholders","Evaluación de impacto sistémico","Definición y defensa de límites de alcance","Re encuadre de problemas del cliente","Intervención temprana en riesgos","Transferencia de criterio al equipo","Posicionamiento como asesor de confianza con stakeholder","Autonomía en la gestión y ejecución del proyecto","Aseguramiento de gestión de proyectos","Guía y soporte al equipo de proyecto","Guía y soporte al equipo de proyecto1","Guía y soporte al equipo de proyecto2","Guía y soporte al equipo de proyecto3","Guía y soporte al equipo de proyecto4","Guía y soporte al equipo de proyecto5","Guía y soporte al equipo de proyecto6","Guía y soporte al equipo de proyecto7","Aseguramiento de gestión de proyectos1","Aseguramiento de gestión de proyectos2","Guía y soporte al equipo interno","Guía y soporte al equipo interno1","Guía y soporte al equipo interno2","Guía y soporte al equipo interno3","Guía y soporte al equipo interno5","Guía y soporte al equipo interno6","Guía y soporte al equipo interno7","Soporte comercial","Soporte comercial1","Soporte comercial2","Soporte comercial3","Preparación de reuniones y seguimiento con el cliente2","Guía y soporte al equipo interno4"
"prueba","jorge.toxtli@arena-analytics.com","Product Manager
","PM Jr","tox","3.12","jqwjdjw","qfwqjm","sdwqj","3.00","3.00","3.00","3.00","3.00","3.00","3.00","3.00","3.00","3.00","4.00","4.00","2.00","4.00","3.00","3.00","3.00","3.00","3.00","3.00","3.00","4.00","3.00","3.00",,,,,,,,,,,,,,,,,,,,,,,,,,,,,,,,,,,,,"3.00",
"mid","jorge.toxtli@arena-analytics.com
"," Product Manager
","PM Mid","prueba","3.03","f Mid","f op","f com","3.00","3.00","3.00","3.00","3.00","3.00","3.00","3.00","3.00","3.00","3.00","3.00","3.00","3.00","3.00","3.00","4.00","3.00","3.00","2.00","4.00","4.00","3.00","3.00","3","3","2","3","3","3","2",,,,,,,,,,,,,,,,,,,,,,,,,,,,,,"4.00",
"Snr","jorge.toxtli@arena-analytics.com
","Product Manager
","PM Snr","
prueba","3.21","f snr","o snr","com snr","3.00","3.00","3.00","4.00","4.00","4.00","4.00","3.00","3.00","3.00","4.00","3.00","4.00","3.00","3.00","3.00","4.00","3.00","4.00","3.00","3.00","4.00","3.00","3.00","3","3","3","3","3","3","3","3","3","4","3","3","3","3",,,,,,,,,,,,,,,,,,,,,,,"4.00",
"Carmen Proyecto 1","carmen@arena-analytics.com","Ciencia de Datos
","PM Jr","asefasdfad","2.96","adsfadfa","asdfadsfds","adsfadsfa","3.00","3.00","3.00","4.00","1.00","2.00","3.00","4.00","4.00","3.00","3.00","2.00","2.00","4.00","4.00","3.00","2.00","3.00","2.00","2.00","2.00","4.00","3.00","4.00",,,,,,,,,,,,,,,,,,,,,,,,,,,,,,,,,,,,,"4.00",
"Carmen Proyecto 2","carmen@arena-analytics.com","Product Manager
","PM Jr","fasdfad","2.76","sdfadsf","asdfadsf","asdfasdf","1.00","2.00","2.00","3.00","2.00","4.00","4.00","2.00","3.00","4.00","3.00","2.00","1.00","4.00","4.00","3.00","4.00","2.00","2.00","1.00","3.00","4.00","3.00","3.00",,,,,,,,,,,,,,,,,,,,,,,,,,,,,,,,,,,,,"3.00",
"Carmen Proyecto 1a","carmen@arena-analytics.com","Product Manager","PM Lead","asdfadfafda","3.12","dfsdfsd","dfsdfgfg","dfgsfgs",,,,,,,,,,,,,,,,,,,,,,,"3.00","3.00",,,,,,,,,,,,,,,"2.00","4.00","2.00","3.00","4.00","2.00","4.00","3.00","4.00","3.00","4.00","3.00","3.00","4.00","4.00","4.00","3.00","4.00","1.00","3.00","2.00","4.00",,"2.00"
"Carmen Prueba 1b","carmen@arena-analytics.com","Product Manager","PM Lead","dfsdfsdfs","2.72","sdfadf","asdfadsf","adsfasdfa",,,,,,,,,,,,,,,,,,,,,,,"2.00","2.00",,,,,,,,,,,,,,,"3.00","2.00","3.00","2.00","4.00","2.00","1.00","4.00","4.00","3.00","4.00","2.00","3.00","3.00","4.00","2.00","2.00","4.00","1.00","4.00","2.00","2.00",,"3.00"
"Gaby","gabriela@arena-analytics.com
","Product Manager
","PM Snr","
Hector","2.81","dhdoihidosa","adkmñaldkñasda","adadadla","3.00","3.00","4.00","3.00","3.00","3.00","2.00",,"1.00","3.00","2.00","4.00","3.00","2.00","3.00","3.00","3.00","3.00","3.00","3.00","3.00","3.00","2.00",,"3","3","3","3","3","3","3","3","3","3","3","3","3","3",,,,,,,,,,,,,,,,,,,,,,,"3.00",
"Eduardo Ayala 9 de jun","eduardo.ayala@arena-analytics.com
","Product Manager
","PM Snr","
Lucho","2.74","Fortalezas","Oportunidades","ComentariosComentariosComentariosComentarios","2.00","2.00","1.00","2.00","2.00","3.00","1.00","1.00","3.00","3.00","2.00","3.00","3.00","3.00","3.00","4.00","3.00","4.00","4.00","3.00","3.00","4.00","2.00","3.00","3","4","3","3","2","3","4","3","2","3","2","4","4","3",,,,,,,,,,,,,,,,,,,,,,,"2.00",
"Eduardo Ayala MID 9 jun","jorge.toxtli@arena-analytics.com
"," Ingeniería de Datos
","PM Mid","mid test","0.00","Fortalezas","Fortalezas","Fortalezas",,,,,,,,,,,,,,,,,,,,,,,,,,,,,,,,,,,,,,,,,,,,,,,,,,,,,,,,,,,,,,
"Eduardo Ayala MID 9 jun - no es error","eduardo.ayala@arena-analytics.com
"," Product Manager
","PM Mid","https://forms.cloud.microsoft/Pages/ResponsePage.aspx?id=CIr3m6Cmn0yDRoVpolBBlSG-G_umJvNGs9hfAs4zMrNUM0FPRlBVWTE0RVA5MlU1VTJPWldDMlhaMS4u","0.00","https://forms.cloud.microsoft/Pages/ResponsePage.aspx?id=CIr3m6Cmn0yDRoVpolBBlSG-G_umJvNGs9hfAs4zMrNUM0FPRlBVWTE0RVA5MlU1VTJPWldDMlhaMS4u","https://forms.cloud.microsoft/Pages/ResponsePage.aspx?id=CIr3m6Cmn0yDRoVpolBBlSG-G_umJvNGs9hfAs4zMrNUM0FPRlBVWTE0RVA5MlU1VTJPWldDMlhaMS4u","https://forms.cloud.microsoft/Pages/ResponsePage.aspx?id=CIr3m6Cmn0yDRoVpolBBlSG-G_umJvNGs9hfAs4zMrNUM0FPRlBVWTE0RVA5MlU1VTJPWldDMlhaMS4u",,,,,,,,,,,,,,,,,,,,,,,,,,,,,,,,,,,,,,,,,,,,,,,,,,,,,,,,,,,,,,
"Eduardo Ayala 2 MID 9 de junio","eduardo.ayala@arena-analytics.com
"," Ciencia de Datos
","PM Mid","Nombre del evaluador(es)","4.00","Nombre del evaluador(es)","Nombre del evaluador(es)","Nombre del evaluador(es)","4.00","4.00","4.00","4.00","4.00","4.00","4.00","4.00","4.00","4.00","4.00","4.00","4.00","4.00","4.00","4.00","4.00","4.00","4.00","4.00","4.00","4.00","4.00","4.00","4","4","4","4","4","4","4",,,,,,,,,,,,,,,,,,,,,,,,,,,,,,"4.00",
