ListSchema={"schemaXmlList":["<Field ID=\"{fa564e0f-0c70-4ab9-b863-0177e6ddd247}\" Type=\"Text\" Name=\"Title\" DisplayName=\"Title\" Required=\"FALSE\" SourceID=\"http://schemas.microsoft.com/sharepoint/v3\" StaticName=\"Title\" FromBaseType=\"TRUE\" MaxLength=\"255\" />","<Field DisplayName=\"Correo\" Format=\"Dropdown\" IsModern=\"TRUE\" MaxLength=\"255\" Name=\"Correo\" Title=\"Correo\" Type=\"Text\" ID=\"{17c364b6-583a-424e-947e-74d4664f3179}\" StaticName=\"Correo\" />","<Field DisplayName=\"Área\" Format=\"Dropdown\" IsModern=\"TRUE\" MaxLength=\"255\" Name=\"_x00c1_rea\" Title=\"Área\" Type=\"Text\" ID=\"{7cca6c79-5f5d-476e-aa37-76014da8b0a4}\" StaticName=\"_x00c1_rea\" />","<Field DisplayName=\"Puesto\" Format=\"Dropdown\" IsModern=\"TRUE\" MaxLength=\"255\" Name=\"Puesto\" Title=\"Puesto\" Type=\"Text\" ID=\"{50b46647-5c11-42c7-8307-97d050eb4fe7}\" StaticName=\"Puesto\" />","<Field DisplayName=\"Nombre del evaluador(es)\" Format=\"Dropdown\" IsModern=\"TRUE\" MaxLength=\"255\" Name=\"Nombredelevaluador_x0028_es_x002\" Title=\"Nombre del evaluador(es)\" Type=\"Text\" ID=\"{2e7d6115-b9d5-4a05-a5c8-4009acc28e81}\" StaticName=\"Nombredelevaluador_x0028_es_x002\" />","<Field CommaSeparator=\"TRUE\" CustomUnitOnRight=\"TRUE\" Decimals=\"2\" DisplayName=\"Promedio\" Format=\"Dropdown\" IsModern=\"TRUE\" Name=\"Promedio\" Percentage=\"FALSE\" Title=\"Promedio\" Type=\"Number\" Unit=\"None\" ID=\"{409db4b7-4633-44e3-a26e-d25b93f964a4}\" StaticName=\"Promedio\" />","<Field CommaSeparator=\"TRUE\" CustomUnitOnRight=\"TRUE\" Decimals=\"2\" DisplayName=\"Backlog de tareas\" Format=\"Dropdown\" IsModern=\"TRUE\" Name=\"Backlogdetareas\" Percentage=\"FALSE\" Title=\"Backlog de tareas\" Type=\"Number\" Unit=\"None\" ID=\"{e6f61125-7650-4898-9ab9-bf145f6cc3c0}\" StaticName=\"Backlogdetareas\" />","<Field CommaSeparator=\"TRUE\" CustomUnitOnRight=\"TRUE\" Decimals=\"2\" DisplayName=\"Documentación del avance\" Format=\"Dropdown\" IsModern=\"TRUE\" Name=\"Documentaci_x00f3_ndelavance\" Percentage=\"FALSE\" Title=\"Documentación del avance\" Type=\"Number\" Unit=\"None\" ID=\"{363b50c7-6748-46ce-9813-5055fb4a9e79}\" StaticName=\"Documentaci_x00f3_ndelavance\" />","<Field CommaSeparator=\"TRUE\" CustomUnitOnRight=\"TRUE\" Decimals=\"2\" DisplayName=\"Documentación de los estándares de desarrollo y buenas prácticas\" Format=\"Dropdown\" IsModern=\"TRUE\" Name=\"Documentaci_x00f3_ndelosest_x00e\" Percentage=\"FALSE\" Title=\"Documentación de los estándares de desarrollo y buenas prácticas\" Type=\"Number\" Unit=\"None\" ID=\"{d258f4c2-d82f-42e4-bed7-4c3ba9991a21}\" StaticName=\"Documentaci_x00f3_ndelosest_x00e\" />","<Field CommaSeparator=\"TRUE\" CustomUnitOnRight=\"TRUE\" Decimals=\"2\" DisplayName=\"Diseño de arquitectura de datos\" Format=\"Dropdown\" IsModern=\"TRUE\" Name=\"Dise_x00f1_odearquitecturadedato\" Percentage=\"FALSE\" Title=\"Diseño de arquitectura de datos\" Type=\"Number\" Unit=\"None\" ID=\"{b3f18d29-5f0b-4590-a9af-754b390efb3f}\" StaticName=\"Dise_x00f1_odearquitecturadedato\" />","<Field CommaSeparator=\"TRUE\" CustomUnitOnRight=\"TRUE\" Decimals=\"2\" DisplayName=\"Excelencia técnica de métodos estadísticos\" Format=\"Dropdown\" IsModern=\"TRUE\" Name=\"Excelenciat_x00e9_cnicadem_x00e9\" Percentage=\"FALSE\" Title=\"Excelencia técnica de métodos estadísticos\" Type=\"Number\" Unit=\"None\" ID=\"{72364548-249d-4d94-8c4d-675015dad25d}\" StaticName=\"Excelenciat_x00e9_cnicadem_x00e9\" />","<Field CommaSeparator=\"TRUE\" CustomUnitOnRight=\"TRUE\" Decimals=\"2\" DisplayName=\"Funcionalidad óptima de código y excelencia técnica en programación\" Format=\"Dropdown\" IsModern=\"TRUE\" Name=\"Funcionalidad_x00f3_ptimadec_x00\" Percentage=\"FALSE\" Title=\"Funcionalidad óptima de código y excelencia técnica en programación\" Type=\"Number\" Unit=\"None\" ID=\"{ffbe4dd6-88bb-4ee3-bfa7-17b5cd01fe4f}\" StaticName=\"Funcionalidad_x00f3_ptimadec_x00\" />","<Field CommaSeparator=\"TRUE\" CustomUnitOnRight=\"TRUE\" Decimals=\"2\" DisplayName=\"Documentación de reglas de negocio\" Format=\"Dropdown\" IsModern=\"TRUE\" Name=\"Documentaci_x00f3_ndereglasdeneg\" Percentage=\"FALSE\" Title=\"Documentación de reglas de negocio\" Type=\"Number\" Unit=\"None\" ID=\"{a9dd22af-f9aa-4010-ab5f-f8ca0b578339}\" StaticName=\"Documentaci_x00f3_ndereglasdeneg\" />","<Field CommaSeparator=\"TRUE\" CustomUnitOnRight=\"TRUE\" Decimals=\"2\" DisplayName=\"Rutinas de gestión y control interno 1\" Format=\"Dropdown\" IsModern=\"TRUE\" Name=\"Rutinasdegesti_x00f3_nycontrolin\" Percentage=\"FALSE\" Title=\"Rutinas de gestión y control interno 1\" Type=\"Number\" Unit=\"None\" ID=\"{f62c39e8-101c-4d50-a092-081bc97f36d4}\" StaticName=\"Rutinasdegesti_x00f3_nycontrolin\" />","<Field CommaSeparator=\"TRUE\" CustomUnitOnRight=\"TRUE\" Decimals=\"2\" DisplayName=\"Rutinas de gestión y control interno 2\" Format=\"Dropdown\" IsModern=\"TRUE\" Name=\"Rutinasdegesti_x00f3_nycontrolin0\" Percentage=\"FALSE\" Title=\"Rutinas de gestión y control interno 2\" Type=\"Number\" Unit=\"None\" ID=\"{0deab09f-3945-44e2-b4fe-ea6e7f6aaa98}\" StaticName=\"Rutinasdegesti_x00f3_nycontrolin0\" />","<Field CommaSeparator=\"TRUE\" CustomUnitOnRight=\"TRUE\" Decimals=\"2\" DisplayName=\"Rutinas de gestión y control interno 3\" Format=\"Dropdown\" IsModern=\"TRUE\" Name=\"Rutinasdegesti_x00f3_nycontrolin1\" Percentage=\"FALSE\" Title=\"Rutinas de gestión y control interno 3\" Type=\"Number\" Unit=\"None\" ID=\"{0d76109a-7d2f-44fb-960a-4c17c86011fb}\" StaticName=\"Rutinasdegesti_x00f3_nycontrolin1\" />","<Field CommaSeparator=\"TRUE\" CustomUnitOnRight=\"TRUE\" Decimals=\"2\" DisplayName=\"Rutinas de gestión y control interno 4\" Format=\"Dropdown\" IsModern=\"TRUE\" Name=\"Rutinasdegesti_x00f3_nycontrolin2\" Percentage=\"FALSE\" Title=\"Rutinas de gestión y control interno 4\" Type=\"Number\" Unit=\"None\" ID=\"{d9fe6973-ba4d-4c2e-a60f-ce440ca0dac6}\" StaticName=\"Rutinasdegesti_x00f3_nycontrolin2\" />","<Field CommaSeparator=\"TRUE\" CustomUnitOnRight=\"TRUE\" Decimals=\"2\" DisplayName=\"Checklist de validaciones\" Format=\"Dropdown\" IsModern=\"TRUE\" Name=\"Checklistdevalidaciones\" Percentage=\"FALSE\" Title=\"Checklist de validaciones\" Type=\"Number\" Unit=\"None\" ID=\"{f125e69c-411c-46ed-a537-bb4b85439eb1}\" StaticName=\"Checklistdevalidaciones\" />","<Field CommaSeparator=\"TRUE\" CustomUnitOnRight=\"TRUE\" Decimals=\"2\" DisplayName=\"Plan de deployment y roll-out\" Format=\"Dropdown\" IsModern=\"TRUE\" Name=\"Plandedeploymentyroll_x002d_out\" Percentage=\"FALSE\" Title=\"Plan de deployment y roll-out\" Type=\"Number\" Unit=\"None\" ID=\"{7dcfeaf7-2646-48e4-a101-f00172ef8aa3}\" StaticName=\"Plandedeploymentyroll_x002d_out\" />","<Field CommaSeparator=\"TRUE\" CustomUnitOnRight=\"TRUE\" Decimals=\"2\" DisplayName=\"Minuta de reuniones con Negocio\" Format=\"Dropdown\" IsModern=\"TRUE\" Name=\"MinutadereunionesconNegocio\" Percentage=\"FALSE\" Title=\"Minuta de reuniones con Negocio\" Type=\"Number\" Unit=\"None\" ID=\"{3f991c52-833b-47a9-8ac8-75997ab36b40}\" StaticName=\"MinutadereunionesconNegocio\" />","<Field CommaSeparator=\"TRUE\" CustomUnitOnRight=\"TRUE\" Decimals=\"2\" DisplayName=\"Checklist de documentación y revisiones de código\" Format=\"Dropdown\" IsModern=\"TRUE\" Name=\"Checklistdedocumentaci_x00f3_nyr\" Percentage=\"FALSE\" Title=\"Checklist de documentación y revisiones de código\" Type=\"Number\" Unit=\"None\" ID=\"{afffa99e-6189-4bfb-8b8e-126a7a6569ff}\" StaticName=\"Checklistdedocumentaci_x00f3_nyr\" />","<Field CommaSeparator=\"TRUE\" CustomUnitOnRight=\"TRUE\" Decimals=\"2\" DisplayName=\"Plan de KT y legacy\" Format=\"Dropdown\" IsModern=\"TRUE\" Name=\"PlandeKTylegacy\" Percentage=\"FALSE\" Title=\"Plan de KT y legacy\" Type=\"Number\" Unit=\"None\" ID=\"{e7830900-7981-4f0d-93f9-140e089ab86e}\" StaticName=\"PlandeKTylegacy\" />","<Field CommaSeparator=\"TRUE\" CustomUnitOnRight=\"TRUE\" Decimals=\"2\" DisplayName=\"Resumen de herramientas y necesidades técnicas\" Format=\"Dropdown\" IsModern=\"TRUE\" Name=\"Resumendeherramientasynecesidade\" Percentage=\"FALSE\" Title=\"Resumen de herramientas y necesidades técnicas\" Type=\"Number\" Unit=\"None\" ID=\"{f4e99059-fb4e-47a9-93d4-5c6026335965}\" StaticName=\"Resumendeherramientasynecesidade\" />","<Field CommaSeparator=\"TRUE\" CustomUnitOnRight=\"TRUE\" Decimals=\"2\" DisplayName=\"Preparación y participación en sesiones con Negocio\" Format=\"Dropdown\" IsModern=\"TRUE\" Name=\"Preparaci_x00f3_nyparticipaci_x0\" Percentage=\"FALSE\" Title=\"Preparación y participación en sesiones con Negocio\" Type=\"Number\" Unit=\"None\" ID=\"{498ec5d0-cdcf-4209-b13d-5d0b4b67d3fb}\" StaticName=\"Preparaci_x00f3_nyparticipaci_x0\" />","<Field CommaSeparator=\"TRUE\" CustomUnitOnRight=\"TRUE\" Decimals=\"2\" DisplayName=\"Cumplimiento de lineamientos de trabajo remoto 1\" Format=\"Dropdown\" IsModern=\"TRUE\" Name=\"Cumplimientodelineamientosdetrab\" Percentage=\"FALSE\" Title=\"Cumplimiento de lineamientos de trabajo remoto 1\" Type=\"Number\" Unit=\"None\" ID=\"{cb5250b3-0937-46c5-bcf8-eb1183e2669b}\" StaticName=\"Cumplimientodelineamientosdetrab\" />","<Field CommaSeparator=\"TRUE\" CustomUnitOnRight=\"TRUE\" Decimals=\"2\" DisplayName=\"Cumplimiento de lineamientos de trabajo remoto 2\" Format=\"Dropdown\" IsModern=\"TRUE\" Name=\"Cumplimientodelineamientosdetrab0\" Percentage=\"FALSE\" Title=\"Cumplimiento de lineamientos de trabajo remoto 2\" Type=\"Number\" Unit=\"None\" ID=\"{0626b4de-4714-434c-a085-182e2b518174}\" StaticName=\"Cumplimientodelineamientosdetrab0\" />","<Field ClientSideComponentId=\"00000000-0000-0000-0000-000000000000\" CommaSeparator=\"TRUE\" CustomUnitOnRight=\"TRUE\" Decimals=\"2\" DisplayName=\"Rutinas de gestión y control interno 5\" Format=\"Dropdown\" Name=\"Rutinasdegesti_x00f3_n5\" Percentage=\"FALSE\" Title=\"Rutinas de gestión y control interno 5\" Type=\"Number\" Unit=\"None\" ID=\"{1da3e7f2-78ee-40f2-bd12-2602f0f3dd99}\" StaticName=\"Rutinasdegesti_x00f3_n5\" />","<Field ClientSideComponentId=\"00000000-0000-0000-0000-000000000000\" CommaSeparator=\"TRUE\" CustomUnitOnRight=\"TRUE\" Decimals=\"2\" DisplayName=\"Rutinas de gestión y control interno 6\" Format=\"Dropdown\" Name=\"Rutinasdegesti_x00f3_n6\" Percentage=\"FALSE\" Title=\"Rutinas de gestión y control interno 6\" Type=\"Number\" Unit=\"None\" ID=\"{b68db37d-196f-48a7-9c4d-db5e9651e906}\" StaticName=\"Rutinasdegesti_x00f3_n6\" />","<Field ClientSideComponentId=\"00000000-0000-0000-0000-000000000000\" CommaSeparator=\"TRUE\" CustomUnitOnRight=\"TRUE\" Decimals=\"2\" DisplayName=\"Rutinas de gestión y control interno 7\" Format=\"Dropdown\" Name=\"Rutinasdegesti_x00f3_n7\" Percentage=\"FALSE\" Title=\"Rutinas de gestión y control interno 7\" Type=\"Number\" Unit=\"None\" ID=\"{c8e8de76-4ef6-4b90-b755-a17ab79d01e4}\" StaticName=\"Rutinasdegesti_x00f3_n7\" />","<Field CommaSeparator=\"TRUE\" CustomUnitOnRight=\"TRUE\" Decimals=\"2\" DisplayName=\"Aseguramiento de calidad técnica del equipo 1\" Format=\"Dropdown\" IsModern=\"TRUE\" Name=\"Aseguramientodecalidadt_x00e9_cn\" Percentage=\"FALSE\" Title=\"Aseguramiento de calidad técnica del equipo 1\" Type=\"Number\" Unit=\"None\" ID=\"{71337cb2-b6d2-4daa-a7c9-c2d43f62592d}\" StaticName=\"Aseguramientodecalidadt_x00e9_cn\" />","<Field CommaSeparator=\"TRUE\" CustomUnitOnRight=\"TRUE\" Decimals=\"2\" DisplayName=\"Aseguramiento de calidad técnica del equipo 2\" Format=\"Dropdown\" IsModern=\"TRUE\" Name=\"Aseguramientodecalidadt_x00e9_cn0\" Percentage=\"FALSE\" Title=\"Aseguramiento de calidad técnica del equipo 2\" Type=\"Number\" Unit=\"None\" ID=\"{a78fd436-e29a-4844-8abb-3d02a42eec40}\" StaticName=\"Aseguramientodecalidadt_x00e9_cn0\" />","<Field CommaSeparator=\"TRUE\" CustomUnitOnRight=\"TRUE\" Decimals=\"2\" DisplayName=\"Guía y soporte al equipo de proyecto 1\" Format=\"Dropdown\" IsModern=\"TRUE\" Name=\"Gu_x00ed_aysoportealequipodeproy\" Percentage=\"FALSE\" Title=\"Guía y soporte al equipo de proyecto 1\" Type=\"Number\" Unit=\"None\" ID=\"{ab4add2e-ba7c-4932-bf7c-4c04581a888b}\" StaticName=\"Gu_x00ed_aysoportealequipodeproy\" />","<Field CommaSeparator=\"TRUE\" CustomUnitOnRight=\"TRUE\" Decimals=\"2\" DisplayName=\"Guía y soporte al equipo de proyecto 2\" Format=\"Dropdown\" IsModern=\"TRUE\" Name=\"Gu_x00ed_aysoportealequipodeproy0\" Percentage=\"FALSE\" Title=\"Guía y soporte al equipo de proyecto 2\" Type=\"Number\" Unit=\"None\" ID=\"{bc276e4a-faee-4498-837b-1c52c2b909fe}\" StaticName=\"Gu_x00ed_aysoportealequipodeproy0\" />","<Field CommaSeparator=\"TRUE\" CustomUnitOnRight=\"TRUE\" Decimals=\"2\" DisplayName=\"Guía y soporte al equipo de proyecto 3\" Format=\"Dropdown\" IsModern=\"TRUE\" Name=\"Gu_x00ed_aysoportealequipodeproy1\" Percentage=\"FALSE\" Title=\"Guía y soporte al equipo de proyecto 3\" Type=\"Number\" Unit=\"None\" ID=\"{7a60ebd9-0fe9-45d9-bbad-6fbc431849bd}\" StaticName=\"Gu_x00ed_aysoportealequipodeproy1\" />","<Field CommaSeparator=\"TRUE\" CustomUnitOnRight=\"TRUE\" Decimals=\"2\" DisplayName=\"Guía y soporte al equipo de proyecto 4\" Format=\"Dropdown\" IsModern=\"TRUE\" Name=\"Gu_x00ed_aysoportealequipodeproy2\" Percentage=\"FALSE\" Title=\"Guía y soporte al equipo de proyecto 4\" Type=\"Number\" Unit=\"None\" ID=\"{7de488f6-56b1-4858-a99f-30a1b4e9a9a4}\" StaticName=\"Gu_x00ed_aysoportealequipodeproy2\" />","<Field CommaSeparator=\"TRUE\" CustomUnitOnRight=\"TRUE\" Decimals=\"2\" DisplayName=\"Guía y soporte al equipo de proyecto 5\" Format=\"Dropdown\" IsModern=\"TRUE\" Name=\"Gu_x00ed_aysoportealequipodeproy3\" Percentage=\"FALSE\" Title=\"Guía y soporte al equipo de proyecto 5\" Type=\"Number\" Unit=\"None\" ID=\"{1eca192e-6967-41c2-a6e8-69062bd01118}\" StaticName=\"Gu_x00ed_aysoportealequipodeproy3\" />","<Field CommaSeparator=\"TRUE\" CustomUnitOnRight=\"TRUE\" Decimals=\"2\" DisplayName=\"Guía y soporte al equipo de proyecto 6\" Format=\"Dropdown\" IsModern=\"TRUE\" Name=\"Gu_x00ed_aysoportealequipodeproy4\" Percentage=\"FALSE\" Title=\"Guía y soporte al equipo de proyecto 6\" Type=\"Number\" Unit=\"None\" ID=\"{7f2ba4be-0f0f-4763-8e3d-eb7f54d7d87d}\" StaticName=\"Gu_x00ed_aysoportealequipodeproy4\" />","<Field CommaSeparator=\"TRUE\" CustomUnitOnRight=\"TRUE\" Decimals=\"2\" DisplayName=\"Guía y soporte al equipo de proyecto 7\" Format=\"Dropdown\" IsModern=\"TRUE\" Name=\"Gu_x00ed_aysoportealequipodeproy5\" Percentage=\"FALSE\" Title=\"Guía y soporte al equipo de proyecto 7\" Type=\"Number\" Unit=\"None\" ID=\"{668f4751-36f0-4b20-b2fe-3c9e7edae959}\" StaticName=\"Gu_x00ed_aysoportealequipodeproy5\" />","<Field CommaSeparator=\"TRUE\" CustomUnitOnRight=\"TRUE\" Decimals=\"2\" DisplayName=\"Guía y soporte al equipo interno 1\" Format=\"Dropdown\" IsModern=\"TRUE\" Name=\"Gu_x00ed_aysoportealequipointern\" Percentage=\"FALSE\" Title=\"Guía y soporte al equipo interno 1\" Type=\"Number\" Unit=\"None\" ID=\"{5cb64405-eafe-4221-a5ec-09d04089eb4f}\" StaticName=\"Gu_x00ed_aysoportealequipointern\" />","<Field CommaSeparator=\"TRUE\" CustomUnitOnRight=\"TRUE\" Decimals=\"2\" DisplayName=\"Guía y soporte al equipo interno 2\" Format=\"Dropdown\" IsModern=\"TRUE\" Name=\"Gu_x00ed_aysoportealequipointern0\" Percentage=\"FALSE\" Title=\"Guía y soporte al equipo interno 2\" Type=\"Number\" Unit=\"None\" ID=\"{0589f732-788c-40da-b011-9000d8eb5118}\" StaticName=\"Gu_x00ed_aysoportealequipointern0\" />","<Field CommaSeparator=\"TRUE\" CustomUnitOnRight=\"TRUE\" Decimals=\"2\" DisplayName=\"Guía y soporte al equipo interno 3\" Format=\"Dropdown\" IsModern=\"TRUE\" Name=\"Gu_x00ed_aysoportealequipointern1\" Percentage=\"FALSE\" Title=\"Guía y soporte al equipo interno 3\" Type=\"Number\" Unit=\"None\" ID=\"{a58386ee-11d7-43b3-a430-5db092a3ac05}\" StaticName=\"Gu_x00ed_aysoportealequipointern1\" />","<Field CommaSeparator=\"TRUE\" CustomUnitOnRight=\"TRUE\" Decimals=\"2\" DisplayName=\"Guía y soporte al equipo interno 4\" Format=\"Dropdown\" IsModern=\"TRUE\" Name=\"Gu_x00ed_aysoportealequipointern2\" Percentage=\"FALSE\" Title=\"Guía y soporte al equipo interno 4\" Type=\"Number\" Unit=\"None\" ID=\"{724be4ce-521e-44d1-aecf-5be3b3da824e}\" StaticName=\"Gu_x00ed_aysoportealequipointern2\" />","<Field CommaSeparator=\"TRUE\" CustomUnitOnRight=\"TRUE\" Decimals=\"2\" DisplayName=\"Guía y soporte al equipo interno 5\" Format=\"Dropdown\" IsModern=\"TRUE\" Name=\"Gu_x00ed_aysoportealequipointern3\" Percentage=\"FALSE\" Title=\"Guía y soporte al equipo interno 5\" Type=\"Number\" Unit=\"None\" ID=\"{3fb8f226-df46-40bc-a08b-3111e787f5d9}\" StaticName=\"Gu_x00ed_aysoportealequipointern3\" />","<Field CommaSeparator=\"TRUE\" CustomUnitOnRight=\"TRUE\" Decimals=\"2\" DisplayName=\"Guía y soporte al equipo interno 6\" Format=\"Dropdown\" IsModern=\"TRUE\" Name=\"Gu_x00ed_aysoportealequipointern4\" Percentage=\"FALSE\" Title=\"Guía y soporte al equipo interno 6\" Type=\"Number\" Unit=\"None\" ID=\"{5da1ddd6-f509-4594-82a1-1ac8780cc19d}\" StaticName=\"Gu_x00ed_aysoportealequipointern4\" />","<Field CommaSeparator=\"TRUE\" CustomUnitOnRight=\"TRUE\" Decimals=\"2\" DisplayName=\"Guía y soporte al equipo interno 7\" Format=\"Dropdown\" IsModern=\"TRUE\" Name=\"Gu_x00ed_aysoportealequipointern5\" Percentage=\"FALSE\" Title=\"Guía y soporte al equipo interno 7\" Type=\"Number\" Unit=\"None\" ID=\"{f44aa0cf-d818-47c9-bdc1-12f2a13f95b9}\" StaticName=\"Gu_x00ed_aysoportealequipointern5\" />","<Field CommaSeparator=\"TRUE\" CustomUnitOnRight=\"TRUE\" Decimals=\"2\" DisplayName=\"Soporte comercial 1\" Format=\"Dropdown\" IsModern=\"TRUE\" Name=\"Soportecomercial1\" Percentage=\"FALSE\" Title=\"Soporte comercial 1\" Type=\"Number\" Unit=\"None\" ID=\"{c185e9b5-0eed-4a16-8b53-ff0b8d091727}\" StaticName=\"Soportecomercial1\" />","<Field CommaSeparator=\"TRUE\" CustomUnitOnRight=\"TRUE\" Decimals=\"2\" DisplayName=\"Soporte comercial 2\" Format=\"Dropdown\" IsModern=\"TRUE\" Name=\"Soportecomercial2\" Percentage=\"FALSE\" Title=\"Soporte comercial 2\" Type=\"Number\" Unit=\"None\" ID=\"{589b137c-a9c7-4eb9-bccc-8d0a927757c4}\" StaticName=\"Soportecomercial2\" />","<Field CommaSeparator=\"TRUE\" CustomUnitOnRight=\"TRUE\" Decimals=\"2\" DisplayName=\"Soporte comercial 3\" Format=\"Dropdown\" IsModern=\"TRUE\" Name=\"Soportecomercial3\" Percentage=\"FALSE\" Title=\"Soporte comercial 3\" Type=\"Number\" Unit=\"None\" ID=\"{af2f54c8-d714-4f26-a42b-1432bf8aa341}\" StaticName=\"Soportecomercial3\" />","<Field CommaSeparator=\"TRUE\" CustomUnitOnRight=\"TRUE\" Decimals=\"2\" DisplayName=\"Soporte comercial 4\" Format=\"Dropdown\" IsModern=\"TRUE\" Name=\"Soportecomercial4\" Percentage=\"FALSE\" Title=\"Soporte comercial 4\" Type=\"Number\" Unit=\"None\" ID=\"{78eb31f5-465e-4dca-8bdd-5258267a089d}\" StaticName=\"Soportecomercial4\" />","<Field AppendOnly=\"FALSE\" DisplayName=\"Fortalezas\" Format=\"Dropdown\" IsModern=\"TRUE\" IsolateStyles=\"FALSE\" Name=\"Fortalezas\" RichText=\"FALSE\" RichTextMode=\"Compatible\" Title=\"Fortalezas\" Type=\"Note\" ID=\"{9f0cf1d5-2a5e-495e-9ec0-8aeaf4a89f2e}\" StaticName=\"Fortalezas\" />","<Field AppendOnly=\"FALSE\" DisplayName=\"Oportunidades\" Format=\"Dropdown\" IsModern=\"TRUE\" IsolateStyles=\"FALSE\" Name=\"Oportunidades\" RichText=\"FALSE\" RichTextMode=\"Compatible\" Title=\"Oportunidades\" Type=\"Note\" ID=\"{7c2a229b-c475-49a4-9f68-458c32870e60}\" StaticName=\"Oportunidades\" />","<Field AppendOnly=\"FALSE\" DisplayName=\"Comentarios\" Format=\"Dropdown\" IsModern=\"TRUE\" IsolateStyles=\"FALSE\" Name=\"Comentarios\" RichText=\"FALSE\" RichTextMode=\"Compatible\" Title=\"Comentarios\" Type=\"Note\" ID=\"{ad7ab7a8-130f-4d65-a9b8-e726c7dcdffe}\" StaticName=\"Comentarios\" />","<Field AppendOnly=\"FALSE\" DisplayName=\"Comentarios\" Format=\"Dropdown\" IsModern=\"TRUE\" IsolateStyles=\"FALSE\" Name=\"Comentarios0\" RichText=\"FALSE\" RichTextMode=\"Compatible\" Title=\"Comentarios\" Type=\"Note\" ID=\"{d383003f-ec79-48dd-9af8-48a60435991a}\" StaticName=\"Comentarios0\" />","<Field ID=\"{82642ec8-ef9b-478f-acf9-31f7d45fbc31}\" ReadOnly=\"TRUE\" Type=\"Computed\" Name=\"LinkTitle\" DisplayName=\"Nombre del Evaluado\" DisplayNameSrcField=\"Title\" ClassInfo=\"Menu\" AuthoringInfo=\"(linked to item with edit menu)\" ListItemMenuAllowed=\"Required\" LinkToItemAllowed=\"Prohibited\" SourceID=\"http://schemas.microsoft.com/sharepoint/v3\" StaticName=\"LinkTitle\" FromBaseType=\"TRUE\"><FieldRefs><FieldRef Name=\"Title\" /><FieldRef Name=\"LinkTitleNoMenu\" /><FieldRef Name=\"_EditMenuTableStart2\" /><FieldRef Name=\"_EditMenuTableEnd\" /></FieldRefs><DisplayPattern><FieldSwitch><Expr><GetVar Name=\"FreeForm\" /></Expr><Case Value=\"TRUE\"><Field Name=\"LinkTitleNoMenu\" /></Case><Default><HTML><![CDATA[<div class=\"ms-vb itx\" onmouseover=\"OnItem(this)\" CTXName=\"ctx]]></HTML><Field Name=\"_EditMenuTableStart2\" /><HTML><![CDATA[\">]]></HTML><Field Name=\"LinkTitleNoMenu\" /><HTML><![CDATA[</div>]]></HTML><HTML><![CDATA[<div class=\"s4-ctx\" onmouseover=\"OnChildItem(this.parentNode); return false;\">]]></HTML><HTML><![CDATA[<span>&nbsp;</span>]]></HTML><HTML><![CDATA[<a onfocus=\"OnChildItem(this.parentNode.parentNode); return false;\" onclick=\"PopMenuFromChevron(event); return false;\" href=\"javascript:;\" title=\"Open Menu\"></a>]]></HTML><HTML><![CDATA[<span>&nbsp;</span>]]></HTML><HTML><![CDATA[</div>]]></HTML></Default></FieldSwitch></DisplayPattern></Field>"]}
"Nombre del Evaluado","Correo","Área","Puesto","Nombre del evaluador(es)","Promedio","Fortalezas","Oportunidades","Comentarios","Backlog de tareas","Documentación del avance","Documentación de los estándares de desarrollo y buenas prácticas","Diseño de arquitectura de datos","Excelencia técnica de métodos estadísticos","Funcionalidad óptima de código y excelencia técnica en programación","Documentación de reglas de negocio","Rutinas de gestión y control interno 1","Rutinas de gestión y control interno 2","Rutinas de gestión y control interno 3","Rutinas de gestión y control interno 4","Rutinas de gestión y control interno 5","Rutinas de gestión y control interno 6","Rutinas de gestión y control interno 7","Checklist de validaciones","Plan de deployment y roll-out","Minuta de reuniones con Negocio","Checklist de documentación y revisiones de código","Plan de KT y legacy","Resumen de herramientas y necesidades técnicas","Preparación y participación en sesiones con Negocio","Cumplimiento de lineamientos de trabajo remoto 1","Cumplimiento de lineamientos de trabajo remoto 2","Aseguramiento de calidad técnica del equipo 1","Aseguramiento de calidad técnica del equipo 2","Guía y soporte al equipo de proyecto 1","Guía y soporte al equipo de proyecto 2","Guía y soporte al equipo de proyecto 3","Guía y soporte al equipo de proyecto 4","Guía y soporte al equipo de proyecto 5","Guía y soporte al equipo de proyecto 6","Guía y soporte al equipo de proyecto 7","Guía y soporte al equipo interno 1","Guía y soporte al equipo interno 2","Guía y soporte al equipo interno 3","Guía y soporte al equipo interno 4","Guía y soporte al equipo interno 5","Guía y soporte al equipo interno 6","Guía y soporte al equipo interno 7","Soporte comercial 1","Soporte comercial 2","Soporte comercial 3","Soporte comercial 4"
"jr","jorge.toxtli@arena-analytics.com","Ciencia de Datos","CD Jr","pureba","2.85","f jr","o jr","c jr","1.00","2.00","3.00","3.00","3.00","3.00","3.00","3.00","3.00","3.00","3.00",,,,"3.00","3.00","3.00","3.00","3.00","3.00","3.00","3.00","3.00",,,,,,,,,,,,,,,,,,,,
"mid","jorge.toxtli@arena-analytics.com","Ciencia de Datos","CD Mid","prueba","3.52","f mid","o mid","c mid","3.00","3.00","4.00","4.00","4.00","4.00","4.00","4.00","4.00","4.00","4.00","4.00","4.00","4.00","3.00","3.00","3.00","3.00","3.00","3.00","3.00","3.00","3.00",,,,,,,,,,,,,,,,,,,,
"snr","jorge.toxtli@arena-analytics.com","Ciencia de Datos","CD Snr","prueba","3.26","f snr","o snr","c snr","3.00","4.00","4.00","4.00","4.00","4.00","4.00","3.00","3.00","3.00","4.00","4.00","3.00","3.00","3.00","3.00","3.00","3.00","2.00","2.00","3.00","3.00","3.00",,,,,,,,,,,,,,,,,,,,
"lead","jorge.toxtli@arena-analytics.com","Ciencia de Datos","CD Lead","prueba","3.04","f lead","o lead","c lead",,,"3.00",,,,,,,,,,,,,,,,,,,"3.00","3.00","3.00","3.00","3.00","3.00","3.00","3.00","3.00","3.00","3.00","3.00","3.00","3.00","3.00","3.00","3.00","4.00","3.00","3.00","3.00","3.00"
"jr","jorge.toxtli@arena-analytics.com","Ciencia de Datos","CD Jr","pureba","2.85","f jr","o jr","c jr","1.00","2.00","3.00","3.00","3.00","3.00","3.00","3.00","3.00","3.00","3.00",,,,"3.00","3.00","3.00","3.00","3.00","3.00","3.00","3.00","3.00",,,,,,,,,,,,,,,,,,,,
"jr","jorge.toxtli@arena-analytics.com","Ciencia de Datos","CD Jr","pureba","2.85","f jr","o jr","c jr","1.00","2.00","3.00","3.00","3.00","3.00","3.00","3.00","3.00","3.00","3.00",,,,"3.00","3.00","3.00","3.00","3.00","3.00","3.00","3.00","3.00",,,,,,,,,,,,,,,,,,,,
"Carmen Prueba","carmen@arena-analytics.com","Ciencia de Datos","CD Jr","kjsjdfkjadsfa","2.80","dfadsfadfadf","asdfadf","adsfadsf","3.00","3.00","2.00","3.00","3.00","3.00","3.00","3.00","3.00","4.00","2.00",,,,"2.00","2.00","4.00","4.00","4.00","2.00","1.00","2.00","3.00",,,,,,,,,,,,,,,,,,,,
"Carmen Prueba","carmen@arena-analytics.com","Ciencia de Datos","CD Mid","asdfadf","2.91","asdfadf","asdfadf","asdfafd","3.00","3.00","3.00","1.00","2.00","3.00","3.00","3.00","4.00","4.00","2.00","3.00","4.00","3.00","2.00","4.00","3.00","3.00","3.00","2.00","3.00","4.00","2.00",,,,,,,,,,,,,,,,,,,,
"Carmen Prueba","carmen@arena-analytics.com","Ciencia de Datos","CD Snr","asdfadfa","2.95","adsfadfa","asdfadsf","asdfad","4.00","3.00","4.00","4.00","4.00",,"2.00","4.00","1.00","3.00","2.00","3.00","2.00","4.00","2.00","4.00","2.00","2.00","3.00","4.00","3.00","4.00","1.00",,,,,,,,,,,,,,,,,,,,
"Carmen Prueba","carmen@arena-analytics.com","Ciencia de Datos","CD Lead","dsfadfaf","2.64","afeasdf","asdfadsf","asdfadf",,,"3.00",,,,,,,,,,,,,,,,,,,"3.00","2.00","2.00","2.00","4.00","3.00","4.00","1.00",,"3.00","3.00","2.00","2.00","3.00","4.00","2.00","3.00","3.00","1.00","2.00","4.00","2.00"
"Carmen Prueba","carmen@arena-analytics.com","Ciencia de Datos","CD Snr","asdfadfa","2.95","adsfadfa","asdfadsf","asdfad","4.00","3.00","4.00","4.00","4.00",,"2.00","4.00","1.00","3.00","2.00","3.00","2.00","4.00","2.00","4.00","2.00","2.00","3.00","4.00","3.00","4.00","1.00",,,,,,,,,,,,,,,,,,,,
