ListSchema={"schemaXmlList":["<Field ID=\"{fa564e0f-0c70-4ab9-b863-0177e6ddd247}\" Type=\"Text\" Name=\"Title\" DisplayName=\"Title\" Required=\"FALSE\" SourceID=\"http://schemas.microsoft.com/sharepoint/v3\" StaticName=\"Title\" FromBaseType=\"TRUE\" MaxLength=\"255\" />","<Field DisplayName=\"Correo\" Format=\"Dropdown\" IsModern=\"TRUE\" MaxLength=\"255\" Name=\"Correo\" Title=\"Correo\" Type=\"Text\" ID=\"{a1c804b5-9489-48c8-afaf-ccc44aa0932c}\" StaticName=\"Correo\" />","<Field DisplayName=\"Área\" Format=\"Dropdown\" IsModern=\"TRUE\" MaxLength=\"255\" Name=\"_x00c1_rea\" Title=\"Área\" Type=\"Text\" ID=\"{ae845b59-0e94-4b7c-8712-766b09f6502b}\" StaticName=\"_x00c1_rea\" />","<Field DisplayName=\"Puesto\" Format=\"Dropdown\" IsModern=\"TRUE\" MaxLength=\"255\" Name=\"Puesto\" Title=\"Puesto\" Type=\"Text\" ID=\"{d163b2f1-9cdb-4c89-8d4d-59d45e5ffb5f}\" StaticName=\"Puesto\" />","<Field DisplayName=\"Nombre del evaluador(es)\" Format=\"Dropdown\" IsModern=\"TRUE\" MaxLength=\"255\" Name=\"Nombredelevaluador_x0028_es_x002\" Title=\"Nombre del evaluador(es)\" Type=\"Text\" ID=\"{748b6ac5-9906-435a-bb65-f8b785082fc2}\" StaticName=\"Nombredelevaluador_x0028_es_x002\" />","<Field ClientSideComponentId=\"00000000-0000-0000-0000-000000000000\" CommaSeparator=\"TRUE\" CustomUnitOnRight=\"TRUE\" Decimals=\"2\" DisplayName=\"Promedio\" Format=\"Dropdown\" Name=\"Promedio\" Percentage=\"FALSE\" Title=\"Promedio\" Type=\"Number\" Unit=\"None\" ID=\"{94795be6-eca1-4147-a059-a59b9dde7cbc}\" StaticName=\"Promedio\" />","<Field CommaSeparator=\"TRUE\" CustomUnitOnRight=\"TRUE\" Decimals=\"2\" DisplayName=\"Diseño UI alineado a Design System\" Format=\"Dropdown\" IsModern=\"TRUE\" Name=\"Dise_x00f1_oUIalineadoaDesignSys\" Percentage=\"FALSE\" Title=\"Diseño UI alineado a Design System\" Type=\"Number\" Unit=\"None\" ID=\"{31886f5d-a193-4e07-8bce-98cf2caf493e}\" StaticName=\"Dise_x00f1_oUIalineadoaDesignSys\" />","<Field CommaSeparator=\"TRUE\" CustomUnitOnRight=\"TRUE\" Decimals=\"2\" DisplayName=\"Diseño de flujos asignados\" Format=\"Dropdown\" IsModern=\"TRUE\" Name=\"Dise_x00f1_odeflujosasignados\" Percentage=\"FALSE\" Title=\"Diseño de flujos asignados\" Type=\"Number\" Unit=\"None\" ID=\"{36d3afba-1c6f-4214-b082-976fc65d0bd2}\" StaticName=\"Dise_x00f1_odeflujosasignados\" />","<Field CommaSeparator=\"TRUE\" CustomUnitOnRight=\"TRUE\" Decimals=\"2\" DisplayName=\"Documentación de estados y edge cases\" Format=\"Dropdown\" IsModern=\"TRUE\" Name=\"Documentaci_x00f3_ndeestadosyedg\" Percentage=\"FALSE\" Title=\"Documentación de estados y edge cases\" Type=\"Number\" Unit=\"None\" ID=\"{77b37296-d58a-4141-acf8-285840da020f}\" StaticName=\"Documentaci_x00f3_ndeestadosyedg\" />","<Field CommaSeparator=\"TRUE\" CustomUnitOnRight=\"TRUE\" Decimals=\"2\" DisplayName=\"Preparación de handoff a desarrollo\" Format=\"Dropdown\" IsModern=\"TRUE\" Name=\"Preparaci_x00f3_ndehandoffadesar\" Percentage=\"FALSE\" Title=\"Preparación de handoff a desarrollo\" Type=\"Number\" Unit=\"None\" ID=\"{6937c814-92e7-4b3b-9d8c-8716f9564143}\" StaticName=\"Preparaci_x00f3_ndehandoffadesar\" />","<Field CommaSeparator=\"TRUE\" CustomUnitOnRight=\"TRUE\" Decimals=\"2\" DisplayName=\"Documentación del trabajo de diseño\" Format=\"Dropdown\" IsModern=\"TRUE\" Name=\"Documentaci_x00f3_ndeltrabajoded\" Percentage=\"FALSE\" Title=\"Documentación del trabajo de diseño\" Type=\"Number\" Unit=\"None\" ID=\"{0256b7b7-bd0d-4768-84be-586b3a84baae}\" StaticName=\"Documentaci_x00f3_ndeltrabajoded\" />","<Field CommaSeparator=\"TRUE\" CustomUnitOnRight=\"TRUE\" Decimals=\"2\" DisplayName=\"Pruebas de usabilidad básicas\" Format=\"Dropdown\" IsModern=\"TRUE\" Name=\"Pruebasdeusabilidadb_x00e1_sicas\" Percentage=\"FALSE\" Title=\"Pruebas de usabilidad básicas\" Type=\"Number\" Unit=\"None\" ID=\"{c999d73d-7372-4f08-a4a3-5da8357e2bbb}\" StaticName=\"Pruebasdeusabilidadb_x00e1_sicas\" />","<Field CommaSeparator=\"TRUE\" CustomUnitOnRight=\"TRUE\" Decimals=\"2\" DisplayName=\"Documentación del plan y avance\" Format=\"Dropdown\" IsModern=\"TRUE\" Name=\"Documentaci_x00f3_ndelplanyavanc\" Percentage=\"FALSE\" Title=\"Documentación del plan y avance\" Type=\"Number\" Unit=\"None\" ID=\"{05d9efcf-e65e-4c0f-b7af-d025395f967c}\" StaticName=\"Documentaci_x00f3_ndelplanyavanc\" />","<Field CommaSeparator=\"TRUE\" CustomUnitOnRight=\"TRUE\" Decimals=\"2\" DisplayName=\"Rutinas de gestión — Daily\" Format=\"Dropdown\" IsModern=\"TRUE\" Name=\"Rutinasdegesti_x00f3_n_x2014_Dai\" Percentage=\"FALSE\" Title=\"Rutinas de gestión — Daily\" Type=\"Number\" Unit=\"None\" ID=\"{4d27ed5b-fbb7-457e-92ec-bd0af6d052ec}\" StaticName=\"Rutinasdegesti_x00f3_n_x2014_Dai\" />","<Field CommaSeparator=\"TRUE\" CustomUnitOnRight=\"TRUE\" Decimals=\"2\" DisplayName=\"Rutinas de gestión — Sprint Planning\" Format=\"Dropdown\" IsModern=\"TRUE\" Name=\"Rutinasdegesti_x00f3_n_x2014_Spr\" Percentage=\"FALSE\" Title=\"Rutinas de gestión — Sprint Planning\" Type=\"Number\" Unit=\"None\" ID=\"{94af5f07-71b0-42f2-9ba5-2fb73b7bb970}\" StaticName=\"Rutinasdegesti_x00f3_n_x2014_Spr\" />","<Field CommaSeparator=\"TRUE\" CustomUnitOnRight=\"TRUE\" Decimals=\"2\" DisplayName=\"Rutinas de gestión — Sprint Review\" Format=\"Dropdown\" IsModern=\"TRUE\" Name=\"Rutinasdegesti_x00f3_n_x2014_Spr0\" Percentage=\"FALSE\" Title=\"Rutinas de gestión — Sprint Review\" Type=\"Number\" Unit=\"None\" ID=\"{1af0a3d3-9efb-49ea-b1f7-2dc5d4197282}\" StaticName=\"Rutinasdegesti_x00f3_n_x2014_Spr0\" />","<Field CommaSeparator=\"TRUE\" CustomUnitOnRight=\"TRUE\" Decimals=\"2\" DisplayName=\"Rutinas de gestión — Sprint Retrospectiva\" Format=\"Dropdown\" IsModern=\"TRUE\" Name=\"Rutinasdegesti_x00f3_n_x2014_Spr1\" Percentage=\"FALSE\" Title=\"Rutinas de gestión — Sprint Retrospectiva\" Type=\"Number\" Unit=\"None\" ID=\"{42ad6a1a-af66-42de-90d3-801795b86936}\" StaticName=\"Rutinasdegesti_x00f3_n_x2014_Spr1\" />","<Field CommaSeparator=\"TRUE\" CustomUnitOnRight=\"TRUE\" Decimals=\"2\" DisplayName=\"Rutinas de gestión — Refinamiento de backlog\" Format=\"Dropdown\" IsModern=\"TRUE\" Name=\"Rutinasdegesti_x00f3_n_x2014_Ref\" Percentage=\"FALSE\" Title=\"Rutinas de gestión — Refinamiento de backlog\" Type=\"Number\" Unit=\"None\" ID=\"{5749de36-8f09-4232-a2fe-2612ce825c13}\" StaticName=\"Rutinasdegesti_x00f3_n_x2014_Ref\" />","<Field CommaSeparator=\"TRUE\" CustomUnitOnRight=\"TRUE\" Decimals=\"2\" DisplayName=\"Cuestionamiento y validación de resultados\" Format=\"Dropdown\" IsModern=\"TRUE\" Name=\"Cuestionamientoyvalidaci_x00f3_n\" Percentage=\"FALSE\" Title=\"Cuestionamiento y validación de resultados\" Type=\"Number\" Unit=\"None\" ID=\"{a3449104-435f-44f6-8581-40a54f37e2d5}\" StaticName=\"Cuestionamientoyvalidaci_x00f3_n\" />","<Field CommaSeparator=\"TRUE\" CustomUnitOnRight=\"TRUE\" Decimals=\"2\" DisplayName=\"Preparación de reuniones\" Format=\"Dropdown\" IsModern=\"TRUE\" Name=\"Preparaci_x00f3_ndereuniones\" Percentage=\"FALSE\" Title=\"Preparación de reuniones\" Type=\"Number\" Unit=\"None\" ID=\"{ec7e8094-d080-4c84-ac4e-5e0c7f180f40}\" StaticName=\"Preparaci_x00f3_ndereuniones\" />","<Field CommaSeparator=\"TRUE\" CustomUnitOnRight=\"TRUE\" Decimals=\"2\" DisplayName=\"Seguimiento a acuerdos — Pre-reads y minutas\" Format=\"Dropdown\" IsModern=\"TRUE\" Name=\"Seguimientoaacuerdos_x2014_Pre_x\" Percentage=\"FALSE\" Title=\"Seguimiento a acuerdos — Pre-reads y minutas\" Type=\"Number\" Unit=\"None\" ID=\"{cbac39d6-ed11-41ab-802c-216310939d61}\" StaticName=\"Seguimientoaacuerdos_x2014_Pre_x\" />","<Field CommaSeparator=\"TRUE\" CustomUnitOnRight=\"TRUE\" Decimals=\"2\" DisplayName=\"Comunicación de avance con stakeholders\" Format=\"Dropdown\" IsModern=\"TRUE\" Name=\"Comunicaci_x00f3_ndeavanceconsta\" Percentage=\"FALSE\" Title=\"Comunicación de avance con stakeholders\" Type=\"Number\" Unit=\"None\" ID=\"{e011df6e-5d51-4cf9-acc7-bf6e72f1da95}\" StaticName=\"Comunicaci_x00f3_ndeavanceconsta\" />","<Field CommaSeparator=\"TRUE\" CustomUnitOnRight=\"TRUE\" Decimals=\"2\" DisplayName=\"Cumplimiento de lineamientos de trabajo remoto 1\" Format=\"Dropdown\" IsModern=\"TRUE\" Name=\"Cumplimientodelineamientosdetrab\" Percentage=\"FALSE\" Title=\"Cumplimiento de lineamientos de trabajo remoto 1\" Type=\"Number\" Unit=\"None\" ID=\"{cc91bc64-896a-4be3-8b94-3852fc15746b}\" StaticName=\"Cumplimientodelineamientosdetrab\" />","<Field CommaSeparator=\"TRUE\" CustomUnitOnRight=\"TRUE\" Decimals=\"2\" DisplayName=\"Cumplimiento de lineamientos de trabajo remoto 2\" Format=\"Dropdown\" IsModern=\"TRUE\" Name=\"Cumplimientodelineamientosdetrab0\" Percentage=\"FALSE\" Title=\"Cumplimiento de lineamientos de trabajo remoto 2\" Type=\"Number\" Unit=\"None\" ID=\"{76fe3213-908e-48de-aaec-188cd7403c60}\" StaticName=\"Cumplimientodelineamientosdetrab0\" />","<Field CommaSeparator=\"TRUE\" CustomUnitOnRight=\"TRUE\" Decimals=\"2\" DisplayName=\"Definición del problema de experiencia\" Format=\"Dropdown\" IsModern=\"TRUE\" Name=\"Definici_x00f3_ndelproblemadeexp\" Percentage=\"FALSE\" Title=\"Definición del problema de experiencia\" Type=\"Number\" Unit=\"None\" ID=\"{82848038-1863-46aa-97e4-ccc649fe970d}\" StaticName=\"Definici_x00f3_ndelproblemadeexp\" />","<Field CommaSeparator=\"TRUE\" CustomUnitOnRight=\"TRUE\" Decimals=\"2\" DisplayName=\"Investigación y validación de supuestos\" Format=\"Dropdown\" IsModern=\"TRUE\" Name=\"Investigaci_x00f3_nyvalidaci_x00\" Percentage=\"FALSE\" Title=\"Investigación y validación de supuestos\" Type=\"Number\" Unit=\"None\" ID=\"{4b0885d7-fd6e-4009-ac40-c906a9a9e6af}\" StaticName=\"Investigaci_x00f3_nyvalidaci_x00\" />","<Field CommaSeparator=\"TRUE\" CustomUnitOnRight=\"TRUE\" Decimals=\"2\" DisplayName=\"Diseño de flujo y arquitectura de decisión\" Format=\"Dropdown\" IsModern=\"TRUE\" Name=\"Dise_x00f1_odeflujoyarquitectura\" Percentage=\"FALSE\" Title=\"Diseño de flujo y arquitectura de decisión\" Type=\"Number\" Unit=\"None\" ID=\"{d95f3502-f42e-4f68-9852-7ef376544084}\" StaticName=\"Dise_x00f1_odeflujoyarquitectura\" />","<Field CommaSeparator=\"TRUE\" CustomUnitOnRight=\"TRUE\" Decimals=\"2\" DisplayName=\"Diseño UI con rigor sistémico\" Format=\"Dropdown\" IsModern=\"TRUE\" Name=\"Dise_x00f1_oUIconrigorsist_x00e9\" Percentage=\"FALSE\" Title=\"Diseño UI con rigor sistémico\" Type=\"Number\" Unit=\"None\" ID=\"{79d61ba3-4c77-43b0-8c55-5e04fb1e98df}\" StaticName=\"Dise_x00f1_oUIconrigorsist_x00e9\" />","<Field CommaSeparator=\"TRUE\" CustomUnitOnRight=\"TRUE\" Decimals=\"2\" DisplayName=\"Validación de prototipo antes de desarrollo\" Format=\"Dropdown\" IsModern=\"TRUE\" Name=\"Validaci_x00f3_ndeprototipoantes\" Percentage=\"FALSE\" Title=\"Validación de prototipo antes de desarrollo\" Type=\"Number\" Unit=\"None\" ID=\"{b9662a5b-d484-4c1b-8cfb-ba75944ad64a}\" StaticName=\"Validaci_x00f3_ndeprototipoantes\" />","<Field CommaSeparator=\"TRUE\" CustomUnitOnRight=\"TRUE\" Decimals=\"2\" DisplayName=\"Handoff estratégico a desarrollo\" Format=\"Dropdown\" IsModern=\"TRUE\" Name=\"Handoffestrat_x00e9_gicoadesarro\" Percentage=\"FALSE\" Title=\"Handoff estratégico a desarrollo\" Type=\"Number\" Unit=\"None\" ID=\"{b9e02e3d-23a7-4219-b5df-ed35a8e4db9e}\" StaticName=\"Handoffestrat_x00e9_gicoadesarro\" />","<Field CommaSeparator=\"TRUE\" CustomUnitOnRight=\"TRUE\" Decimals=\"2\" DisplayName=\"Medición post-release\" Format=\"Dropdown\" IsModern=\"TRUE\" Name=\"Medici_x00f3_npost_x002d_release\" Percentage=\"FALSE\" Title=\"Medición post-release\" Type=\"Number\" Unit=\"None\" ID=\"{dee49350-26ad-49ec-a797-48fa582cdf13}\" StaticName=\"Medici_x00f3_npost_x002d_release\" />","<Field CommaSeparator=\"TRUE\" CustomUnitOnRight=\"TRUE\" Decimals=\"2\" DisplayName=\"Documentación del proyecto\" Format=\"Dropdown\" IsModern=\"TRUE\" Name=\"Documentaci_x00f3_ndelproyecto\" Percentage=\"FALSE\" Title=\"Documentación del proyecto\" Type=\"Number\" Unit=\"None\" ID=\"{bcd435e6-1cb6-4c14-91bb-ba9ee4f5e0b3}\" StaticName=\"Documentaci_x00f3_ndelproyecto\" />","<Field CommaSeparator=\"TRUE\" CustomUnitOnRight=\"TRUE\" Decimals=\"2\" DisplayName=\"Sesiones 1:1 de retroalimentación con cliente\" Format=\"Dropdown\" IsModern=\"TRUE\" Name=\"Sesiones1_x003a_1deretroalimenta\" Percentage=\"FALSE\" Title=\"Sesiones 1:1 de retroalimentación con cliente\" Type=\"Number\" Unit=\"None\" ID=\"{6ebce31b-c5e9-4c5e-8a85-8d42a08952be}\" StaticName=\"Sesiones1_x003a_1deretroalimenta\" />","<Field CommaSeparator=\"TRUE\" CustomUnitOnRight=\"TRUE\" Decimals=\"2\" DisplayName=\"Análisis de impactos ante cambios\" Format=\"Dropdown\" IsModern=\"TRUE\" Name=\"An_x00e1_lisisdeimpactosantecamb\" Percentage=\"FALSE\" Title=\"Análisis de impactos ante cambios\" Type=\"Number\" Unit=\"None\" ID=\"{e5f5ac09-22fd-492b-b4f9-23968d1a0ad3}\" StaticName=\"An_x00e1_lisisdeimpactosantecamb\" />","<Field CommaSeparator=\"TRUE\" CustomUnitOnRight=\"TRUE\" Decimals=\"2\" DisplayName=\"Gestión de dependencias\" Format=\"Dropdown\" IsModern=\"TRUE\" Name=\"Gesti_x00f3_ndedependencias\" Percentage=\"FALSE\" Title=\"Gestión de dependencias\" Type=\"Number\" Unit=\"None\" ID=\"{1c742cf4-99db-4086-91ba-cbae3ded0344}\" StaticName=\"Gesti_x00f3_ndedependencias\" />","<Field CommaSeparator=\"TRUE\" CustomUnitOnRight=\"TRUE\" Decimals=\"2\" DisplayName=\"Traducción técnica a stakeholders\" Format=\"Dropdown\" IsModern=\"TRUE\" Name=\"Traducci_x00f3_nt_x00e9_cnicaast\" Percentage=\"FALSE\" Title=\"Traducción técnica a stakeholders\" Type=\"Number\" Unit=\"None\" ID=\"{ed94d8d5-3cc9-4db2-9451-571213ba14d2}\" StaticName=\"Traducci_x00f3_nt_x00e9_cnicaast\" />","<Field CommaSeparator=\"TRUE\" CustomUnitOnRight=\"TRUE\" Decimals=\"2\" DisplayName=\"Definición estratégica del problema de experiencia\" Format=\"Dropdown\" IsModern=\"TRUE\" Name=\"Definici_x00f3_nestrat_x00e9_gic\" Percentage=\"FALSE\" Title=\"Definición estratégica del problema de experiencia\" Type=\"Number\" Unit=\"None\" ID=\"{7e11ae4c-532f-414e-a16f-252d45e738f8}\" StaticName=\"Definici_x00f3_nestrat_x00e9_gic\" />","<Field CommaSeparator=\"TRUE\" CustomUnitOnRight=\"TRUE\" Decimals=\"2\" DisplayName=\"Identificación y validación de supuestos críticos\" Format=\"Dropdown\" IsModern=\"TRUE\" Name=\"Identificaci_x00f3_nyvalidaci_x0\" Percentage=\"FALSE\" Title=\"Identificación y validación de supuestos críticos\" Type=\"Number\" Unit=\"None\" ID=\"{ea3a695f-cd91-4078-806b-464846c35142}\" StaticName=\"Identificaci_x00f3_nyvalidaci_x0\" />","<Field CommaSeparator=\"TRUE\" CustomUnitOnRight=\"TRUE\" Decimals=\"2\" DisplayName=\"Arquitectura de decisión y flujo completo\" Format=\"Dropdown\" IsModern=\"TRUE\" Name=\"Arquitecturadedecisi_x00f3_nyflu\" Percentage=\"FALSE\" Title=\"Arquitectura de decisión y flujo completo\" Type=\"Number\" Unit=\"None\" ID=\"{23daae5f-b647-4682-a058-b7c27b7a55f9}\" StaticName=\"Arquitecturadedecisi_x00f3_nyflu\" />","<Field CommaSeparator=\"TRUE\" CustomUnitOnRight=\"TRUE\" Decimals=\"2\" DisplayName=\"Diseño de interfaz con rigor sistémico\" Format=\"Dropdown\" IsModern=\"TRUE\" Name=\"Dise_x00f1_odeinterfazconrigorsi\" Percentage=\"FALSE\" Title=\"Diseño de interfaz con rigor sistémico\" Type=\"Number\" Unit=\"None\" ID=\"{d98084c9-ea26-4b38-87f7-9c5478f932e3}\" StaticName=\"Dise_x00f1_odeinterfazconrigorsi\" />","<Field CommaSeparator=\"TRUE\" CustomUnitOnRight=\"TRUE\" Decimals=\"2\" DisplayName=\"Handoff estratégico y criterios de aceptación\" Format=\"Dropdown\" IsModern=\"TRUE\" Name=\"Handoffestrat_x00e9_gicoycriteri\" Percentage=\"FALSE\" Title=\"Handoff estratégico y criterios de aceptación\" Type=\"Number\" Unit=\"None\" ID=\"{76b67002-ff44-44be-9fe4-ddec4d7ddb7f}\" StaticName=\"Handoffestrat_x00e9_gicoycriteri\" />","<Field CommaSeparator=\"TRUE\" CustomUnitOnRight=\"TRUE\" Decimals=\"2\" DisplayName=\"Medición post-release y aprendizaje\" Format=\"Dropdown\" IsModern=\"TRUE\" Name=\"Medici_x00f3_npost_x002d_release0\" Percentage=\"FALSE\" Title=\"Medición post-release y aprendizaje\" Type=\"Number\" Unit=\"None\" ID=\"{e87db4d3-6f2f-476b-866e-ee0c82ed2dd4}\" StaticName=\"Medici_x00f3_npost_x002d_release0\" />","<Field CommaSeparator=\"TRUE\" CustomUnitOnRight=\"TRUE\" Decimals=\"2\" DisplayName=\"Definición y defensa de límites de alcance\" Format=\"Dropdown\" IsModern=\"TRUE\" Name=\"Definici_x00f3_nydefensadel_x00e\" Percentage=\"FALSE\" Title=\"Definición y defensa de límites de alcance\" Type=\"Number\" Unit=\"None\" ID=\"{2b944e56-157c-4f34-a3de-3625db94f528}\" StaticName=\"Definici_x00f3_nydefensadel_x00e\" />","<Field CommaSeparator=\"TRUE\" CustomUnitOnRight=\"TRUE\" Decimals=\"2\" DisplayName=\"Reencuadre de problemas del cliente\" Format=\"Dropdown\" IsModern=\"TRUE\" Name=\"Reencuadredeproblemasdelcliente\" Percentage=\"FALSE\" Title=\"Reencuadre de problemas del cliente\" Type=\"Number\" Unit=\"None\" ID=\"{e981690b-aff8-4016-b9e9-4b95df811d64}\" StaticName=\"Reencuadredeproblemasdelcliente\" />","<Field CommaSeparator=\"TRUE\" CustomUnitOnRight=\"TRUE\" Decimals=\"2\" DisplayName=\"Intervención temprana en riesgos\" Format=\"Dropdown\" IsModern=\"TRUE\" Name=\"Intervenci_x00f3_ntempranaenries\" Percentage=\"FALSE\" Title=\"Intervención temprana en riesgos\" Type=\"Number\" Unit=\"None\" ID=\"{9add6765-358c-4dd3-8fa2-dedd9a748936}\" StaticName=\"Intervenci_x00f3_ntempranaenries\" />","<Field CommaSeparator=\"TRUE\" CustomUnitOnRight=\"TRUE\" Decimals=\"2\" DisplayName=\"Transferencia de criterio al equipo\" Format=\"Dropdown\" IsModern=\"TRUE\" Name=\"Transferenciadecriterioalequipo\" Percentage=\"FALSE\" Title=\"Transferencia de criterio al equipo\" Type=\"Number\" Unit=\"None\" ID=\"{2d0bc3c6-0daf-4c2e-8d1a-912614353ce7}\" StaticName=\"Transferenciadecriterioalequipo\" />","<Field CommaSeparator=\"TRUE\" CustomUnitOnRight=\"TRUE\" Decimals=\"2\" DisplayName=\"Posicionamiento como asesor de confianza con el cliente\" Format=\"Dropdown\" IsModern=\"TRUE\" Name=\"Posicionamientocomoasesordeconfi\" Percentage=\"FALSE\" Title=\"Posicionamiento como asesor de confianza con el cliente\" Type=\"Number\" Unit=\"None\" ID=\"{4d6bf1c6-2e98-4b5f-ad17-518424ce80d3}\" StaticName=\"Posicionamientocomoasesordeconfi\" />","<Field CommaSeparator=\"TRUE\" CustomUnitOnRight=\"TRUE\" Decimals=\"2\" DisplayName=\"Autonomía en la gestión del proyecto\" Format=\"Dropdown\" IsModern=\"TRUE\" Name=\"Autonom_x00ed_aenlagesti_x00f3_n\" Percentage=\"FALSE\" Title=\"Autonomía en la gestión del proyecto\" Type=\"Number\" Unit=\"None\" ID=\"{8939ce31-1286-4f49-9cad-1066ea62cb1b}\" StaticName=\"Autonom_x00ed_aenlagesti_x00f3_n\" />","<Field CommaSeparator=\"TRUE\" CustomUnitOnRight=\"TRUE\" Decimals=\"2\" DisplayName=\"Aseguramiento de gestión de proyectos 1\" Format=\"Dropdown\" IsModern=\"TRUE\" Name=\"Aseguramientodegesti_x00f3_ndepr\" Percentage=\"FALSE\" Title=\"Aseguramiento de gestión de proyectos 1\" Type=\"Number\" Unit=\"None\" ID=\"{c9ada623-ed73-4223-ac7b-1010fc3beb89}\" StaticName=\"Aseguramientodegesti_x00f3_ndepr\" />","<Field CommaSeparator=\"TRUE\" CustomUnitOnRight=\"TRUE\" Decimals=\"2\" DisplayName=\"Guía y soporte al equipo de proyecto\" Format=\"Dropdown\" IsModern=\"TRUE\" Name=\"Gu_x00ed_aysoportealequipodeproy\" Percentage=\"FALSE\" Title=\"Guía y soporte al equipo de proyecto\" Type=\"Number\" Unit=\"None\" ID=\"{a066d98f-7e47-46e8-8269-5ac0e7ddf276}\" StaticName=\"Gu_x00ed_aysoportealequipodeproy\" />","<Field CommaSeparator=\"TRUE\" CustomUnitOnRight=\"TRUE\" Decimals=\"2\" DisplayName=\"Guía y soporte al equipo de proyecto 2\" Format=\"Dropdown\" IsModern=\"TRUE\" Name=\"Gu_x00ed_aysoportealequipodeproy0\" Percentage=\"FALSE\" Title=\"Guía y soporte al equipo de proyecto 2\" Type=\"Number\" Unit=\"None\" ID=\"{6f1e406f-20f9-4870-88e8-fd7ecfea95e8}\" StaticName=\"Gu_x00ed_aysoportealequipodeproy0\" />","<Field CommaSeparator=\"TRUE\" CustomUnitOnRight=\"TRUE\" Decimals=\"2\" DisplayName=\"Guía y soporte al equipo de proyecto 3\" Format=\"Dropdown\" IsModern=\"TRUE\" Name=\"Gu_x00ed_aysoportealequipodeproy1\" Percentage=\"FALSE\" Title=\"Guía y soporte al equipo de proyecto 3\" Type=\"Number\" Unit=\"None\" ID=\"{afab30f1-1291-4aba-b877-908e0024d5de}\" StaticName=\"Gu_x00ed_aysoportealequipodeproy1\" />","<Field CommaSeparator=\"TRUE\" CustomUnitOnRight=\"TRUE\" Decimals=\"2\" DisplayName=\"Guía y soporte al equipo de proyecto 4\" Format=\"Dropdown\" IsModern=\"TRUE\" Name=\"Gu_x00ed_aysoportealequipodeproy2\" Percentage=\"FALSE\" Title=\"Guía y soporte al equipo de proyecto 4\" Type=\"Number\" Unit=\"None\" ID=\"{e9557df2-1f9e-43a3-aadb-f5b789f072f8}\" StaticName=\"Gu_x00ed_aysoportealequipodeproy2\" />","<Field CommaSeparator=\"TRUE\" CustomUnitOnRight=\"TRUE\" Decimals=\"2\" DisplayName=\"Guía y soporte al equipo de proyecto 5\" Format=\"Dropdown\" IsModern=\"TRUE\" Name=\"Gu_x00ed_aysoportealequipodeproy3\" Percentage=\"FALSE\" Title=\"Guía y soporte al equipo de proyecto 5\" Type=\"Number\" Unit=\"None\" ID=\"{3f4a79ce-4a39-4483-b61b-4c9468f297db}\" StaticName=\"Gu_x00ed_aysoportealequipodeproy3\" />","<Field CommaSeparator=\"TRUE\" CustomUnitOnRight=\"TRUE\" Decimals=\"2\" DisplayName=\"Guía y soporte al equipo de proyecto 6\" Format=\"Dropdown\" IsModern=\"TRUE\" Name=\"Gu_x00ed_aysoportealequipodeproy4\" Percentage=\"FALSE\" Title=\"Guía y soporte al equipo de proyecto 6\" Type=\"Number\" Unit=\"None\" ID=\"{e087e9bb-de46-4095-9803-59b0d6ef76e5}\" StaticName=\"Gu_x00ed_aysoportealequipodeproy4\" />","<Field CommaSeparator=\"TRUE\" CustomUnitOnRight=\"TRUE\" Decimals=\"2\" DisplayName=\"Guía y soporte al equipo de proyecto 7\" Format=\"Dropdown\" IsModern=\"TRUE\" Name=\"Gu_x00ed_aysoportealequipodeproy5\" Percentage=\"FALSE\" Title=\"Guía y soporte al equipo de proyecto 7\" Type=\"Number\" Unit=\"None\" ID=\"{2a08ec4e-8d56-45a6-938e-03804a7f2b23}\" StaticName=\"Gu_x00ed_aysoportealequipodeproy5\" />","<Field CommaSeparator=\"TRUE\" CustomUnitOnRight=\"TRUE\" Decimals=\"2\" DisplayName=\"Guía y soporte al equipo de proyecto 8\" Format=\"Dropdown\" IsModern=\"TRUE\" Name=\"Gu_x00ed_aysoportealequipodeproy6\" Percentage=\"FALSE\" Title=\"Guía y soporte al equipo de proyecto 8\" Type=\"Number\" Unit=\"None\" ID=\"{3d99e202-8023-443c-ae26-0c08f1465bf8}\" StaticName=\"Gu_x00ed_aysoportealequipodeproy6\" />","<Field CommaSeparator=\"TRUE\" CustomUnitOnRight=\"TRUE\" Decimals=\"2\" DisplayName=\"Aseguramiento de gestión de proyectos 2\" Format=\"Dropdown\" IsModern=\"TRUE\" Name=\"Aseguramientodegesti_x00f3_ndepr0\" Percentage=\"FALSE\" Title=\"Aseguramiento de gestión de proyectos 2\" Type=\"Number\" Unit=\"None\" ID=\"{b9e4bc8d-8658-4b6a-b9af-f22e2f8fa27c}\" StaticName=\"Aseguramientodegesti_x00f3_ndepr0\" />","<Field CommaSeparator=\"TRUE\" CustomUnitOnRight=\"TRUE\" Decimals=\"2\" DisplayName=\"Aseguramiento de gestión de proyectos 3\" Format=\"Dropdown\" IsModern=\"TRUE\" Name=\"Aseguramientodegesti_x00f3_ndepr1\" Percentage=\"FALSE\" Title=\"Aseguramiento de gestión de proyectos 3\" Type=\"Number\" Unit=\"None\" ID=\"{be3a36f0-acec-43f6-9523-9b91ba9896ff}\" StaticName=\"Aseguramientodegesti_x00f3_ndepr1\" />","<Field CommaSeparator=\"TRUE\" CustomUnitOnRight=\"TRUE\" Decimals=\"2\" DisplayName=\"Guía y soporte al equipo interno 1\" Format=\"Dropdown\" IsModern=\"TRUE\" Name=\"Gu_x00ed_aysoportealequipointern0\" Percentage=\"FALSE\" Title=\"Guía y soporte al equipo interno 1\" Type=\"Number\" Unit=\"None\" ID=\"{37bbcd93-cf9f-4887-8729-753bc9a4888e}\" StaticName=\"Gu_x00ed_aysoportealequipointern0\" />","<Field CommaSeparator=\"TRUE\" CustomUnitOnRight=\"TRUE\" Decimals=\"2\" DisplayName=\"Guía y soporte al equipo interno 2\" Format=\"Dropdown\" IsModern=\"TRUE\" Name=\"Gu_x00ed_aysoportealequipointern1\" Percentage=\"FALSE\" Title=\"Guía y soporte al equipo interno 2\" Type=\"Number\" Unit=\"None\" ID=\"{100e08a6-854c-46da-a6ee-85224c316d5c}\" StaticName=\"Gu_x00ed_aysoportealequipointern1\" />","<Field CommaSeparator=\"TRUE\" CustomUnitOnRight=\"TRUE\" Decimals=\"2\" DisplayName=\"Guía y soporte al equipo interno 3\" Format=\"Dropdown\" IsModern=\"TRUE\" Name=\"Gu_x00ed_aysoportealequipointern2\" Percentage=\"FALSE\" Title=\"Guía y soporte al equipo interno 3\" Type=\"Number\" Unit=\"None\" ID=\"{f737c61c-e1d8-49ac-bfb1-7833bc0bda73}\" StaticName=\"Gu_x00ed_aysoportealequipointern2\" />","<Field CommaSeparator=\"TRUE\" CustomUnitOnRight=\"TRUE\" Decimals=\"2\" DisplayName=\"Guía y soporte al equipo interno 4\" Format=\"Dropdown\" IsModern=\"TRUE\" Name=\"Gu_x00ed_aysoportealequipointern3\" Percentage=\"FALSE\" Title=\"Guía y soporte al equipo interno 4\" Type=\"Number\" Unit=\"None\" ID=\"{4a01874a-5df6-421c-a67f-e032c4ab1596}\" StaticName=\"Gu_x00ed_aysoportealequipointern3\" />","<Field CommaSeparator=\"TRUE\" CustomUnitOnRight=\"TRUE\" Decimals=\"2\" DisplayName=\"Guía y soporte al equipo interno 5\" Format=\"Dropdown\" IsModern=\"TRUE\" Name=\"Gu_x00ed_aysoportealequipointern4\" Percentage=\"FALSE\" Title=\"Guía y soporte al equipo interno 5\" Type=\"Number\" Unit=\"None\" ID=\"{1c731dfe-74a1-45d4-8415-8033ee55cd6d}\" StaticName=\"Gu_x00ed_aysoportealequipointern4\" />","<Field CommaSeparator=\"TRUE\" CustomUnitOnRight=\"TRUE\" Decimals=\"2\" DisplayName=\"Guía y soporte al equipo interno 6\" Format=\"Dropdown\" IsModern=\"TRUE\" Name=\"Gu_x00ed_aysoportealequipointern5\" Percentage=\"FALSE\" Title=\"Guía y soporte al equipo interno 6\" Type=\"Number\" Unit=\"None\" ID=\"{43e23d1f-e904-46c9-8790-690ac8ca5504}\" StaticName=\"Gu_x00ed_aysoportealequipointern5\" />","<Field CommaSeparator=\"TRUE\" CustomUnitOnRight=\"TRUE\" Decimals=\"2\" DisplayName=\"Guía y soporte al equipo interno 7\" Format=\"Dropdown\" IsModern=\"TRUE\" Name=\"Gu_x00ed_aysoportealequipointern6\" Percentage=\"FALSE\" Title=\"Guía y soporte al equipo interno 7\" Type=\"Number\" Unit=\"None\" ID=\"{12ab9325-08e7-4061-9c56-02abd5cf8ae7}\" StaticName=\"Gu_x00ed_aysoportealequipointern6\" />","<Field CommaSeparator=\"TRUE\" CustomUnitOnRight=\"TRUE\" Decimals=\"2\" DisplayName=\"Guía y soporte al equipo interno 8\" Format=\"Dropdown\" IsModern=\"TRUE\" Name=\"Gu_x00ed_aysoportealequipointern7\" Percentage=\"FALSE\" Title=\"Guía y soporte al equipo interno 8\" Type=\"Number\" Unit=\"None\" ID=\"{c22ede48-a7e6-4811-98fd-5207312a00ba}\" StaticName=\"Gu_x00ed_aysoportealequipointern7\" />","<Field CommaSeparator=\"TRUE\" CustomUnitOnRight=\"TRUE\" Decimals=\"2\" DisplayName=\"Soporte comercial 1\" Format=\"Dropdown\" IsModern=\"TRUE\" Name=\"Soportecomercial1\" Percentage=\"FALSE\" Title=\"Soporte comercial 1\" Type=\"Number\" Unit=\"None\" ID=\"{8aee9d4d-7aa5-4857-a12f-81450651207d}\" StaticName=\"Soportecomercial1\" />","<Field CommaSeparator=\"TRUE\" CustomUnitOnRight=\"TRUE\" Decimals=\"2\" DisplayName=\"Soporte comercial 2\" Format=\"Dropdown\" IsModern=\"TRUE\" Name=\"Soportecomercial2\" Percentage=\"FALSE\" Title=\"Soporte comercial 2\" Type=\"Number\" Unit=\"None\" ID=\"{58e6fc45-08fa-472d-b87f-6efe795509d6}\" StaticName=\"Soportecomercial2\" />","<Field CommaSeparator=\"TRUE\" CustomUnitOnRight=\"TRUE\" Decimals=\"2\" DisplayName=\"Soporte comercial 3\" Format=\"Dropdown\" IsModern=\"TRUE\" Name=\"Soportecomercial3\" Percentage=\"FALSE\" Title=\"Soporte comercial 3\" Type=\"Number\" Unit=\"None\" ID=\"{f2ad83c4-e6df-4740-8721-98d02f13f4f6}\" StaticName=\"Soportecomercial3\" />","<Field CommaSeparator=\"TRUE\" CustomUnitOnRight=\"TRUE\" Decimals=\"2\" DisplayName=\"Soporte comercial 4\" Format=\"Dropdown\" IsModern=\"TRUE\" Name=\"Soportecomercial4\" Percentage=\"FALSE\" Title=\"Soporte comercial 4\" Type=\"Number\" Unit=\"None\" ID=\"{f076b169-2dc3-4b2c-812b-3ba586518c61}\" StaticName=\"Soportecomercial4\" />","<Field AppendOnly=\"FALSE\" DisplayName=\"Fortalezas\" Format=\"Dropdown\" IsModern=\"TRUE\" IsolateStyles=\"FALSE\" Name=\"Fortalezas\" RichText=\"FALSE\" RichTextMode=\"Compatible\" Title=\"Fortalezas\" Type=\"Note\" ID=\"{77d2ea8b-e3b0-4ae8-a881-0c12d139b368}\" StaticName=\"Fortalezas\" />","<Field AppendOnly=\"FALSE\" DisplayName=\"Oportunidades\" Format=\"Dropdown\" IsModern=\"TRUE\" IsolateStyles=\"FALSE\" Name=\"Oportunidades\" RichText=\"FALSE\" RichTextMode=\"Compatible\" Title=\"Oportunidades\" Type=\"Note\" ID=\"{cdec8c5e-5053-4005-ae8e-ffb535a1e864}\" StaticName=\"Oportunidades\" />","<Field AppendOnly=\"FALSE\" DisplayName=\"Comentarios\" Format=\"Dropdown\" IsModern=\"TRUE\" IsolateStyles=\"FALSE\" Name=\"Comentarios\" RichText=\"FALSE\" RichTextMode=\"Compatible\" Title=\"Comentarios\" Type=\"Note\" ID=\"{6d01a2a1-3558-4968-8dcc-257cf24c21d8}\" StaticName=\"Comentarios\" />","<Field ID=\"{82642ec8-ef9b-478f-acf9-31f7d45fbc31}\" ReadOnly=\"TRUE\" Type=\"Computed\" Name=\"LinkTitle\" DisplayName=\"Nombre del evaluado\" DisplayNameSrcField=\"Title\" ClassInfo=\"Menu\" AuthoringInfo=\"(linked to item with edit menu)\" ListItemMenuAllowed=\"Required\" LinkToItemAllowed=\"Prohibited\" SourceID=\"http://schemas.microsoft.com/sharepoint/v3\" StaticName=\"LinkTitle\" FromBaseType=\"TRUE\"><FieldRefs><FieldRef Name=\"Title\" /><FieldRef Name=\"LinkTitleNoMenu\" /><FieldRef Name=\"_EditMenuTableStart2\" /><FieldRef Name=\"_EditMenuTableEnd\" /></FieldRefs><DisplayPattern><FieldSwitch><Expr><GetVar Name=\"FreeForm\" /></Expr><Case Value=\"TRUE\"><Field Name=\"LinkTitleNoMenu\" /></Case><Default><HTML><![CDATA[<div class=\"ms-vb itx\" onmouseover=\"OnItem(this)\" CTXName=\"ctx]]></HTML><Field Name=\"_EditMenuTableStart2\" /><HTML><![CDATA[\">]]></HTML><Field Name=\"LinkTitleNoMenu\" /><HTML><![CDATA[</div>]]></HTML><HTML><![CDATA[<div class=\"s4-ctx\" onmouseover=\"OnChildItem(this.parentNode); return false;\">]]></HTML><HTML><![CDATA[<span>&nbsp;</span>]]></HTML><HTML><![CDATA[<a onfocus=\"OnChildItem(this.parentNode.parentNode); return false;\" onclick=\"PopMenuFromChevron(event); return false;\" href=\"javascript:;\" title=\"Open Menu\"></a>]]></HTML><HTML><![CDATA[<span>&nbsp;</span>]]></HTML><HTML><![CDATA[</div>]]></HTML></Default></FieldSwitch></DisplayPattern></Field>"]}
"Nombre del evaluado","Correo","Área","Puesto","Nombre del evaluador(es)","Promedio","Fortalezas","Oportunidades","Comentarios","Diseño UI alineado a Design System","Diseño de flujos asignados","Documentación de estados y edge cases","Preparación de handoff a desarrollo","Documentación del trabajo de diseño","Pruebas de usabilidad básicas","Documentación del plan y avance","Rutinas de gestión — Daily","Rutinas de gestión — Sprint Planning","Rutinas de gestión — Sprint Review","Rutinas de gestión — Sprint Retrospectiva","Rutinas de gestión — Refinamiento de backlog","Cuestionamiento y validación de resultados","Preparación de reuniones","Seguimiento a acuerdos — Pre-reads y minutas","Comunicación de avance con stakeholders","Cumplimiento de lineamientos de trabajo remoto 1","Cumplimiento de lineamientos de trabajo remoto 2","Análisis de impactos ante cambios","Arquitectura de decisión y flujo completo","Aseguramiento de gestión de proyectos 1","Aseguramiento de gestión de proyectos 2","Aseguramiento de gestión de proyectos 3","Autonomía en la gestión del proyecto","Definición del problema de experiencia","Definición estratégica del problema de experiencia","Definición y defensa de límites de alcance","Diseño de flujo y arquitectura de decisión","Diseño de interfaz con rigor sistémico","Diseño UI con rigor sistémico","Documentación del proyecto","Gestión de dependencias","Guía y soporte al equipo de proyecto","Guía y soporte al equipo de proyecto 2","Guía y soporte al equipo de proyecto 3","Guía y soporte al equipo de proyecto 4","Guía y soporte al equipo de proyecto 5","Guía y soporte al equipo de proyecto 6","Guía y soporte al equipo de proyecto 7","Guía y soporte al equipo de proyecto 8","Guía y soporte al equipo interno 1","Guía y soporte al equipo interno 2","Guía y soporte al equipo interno 3","Guía y soporte al equipo interno 4","Guía y soporte al equipo interno 5","Guía y soporte al equipo interno 6","Guía y soporte al equipo interno 7","Guía y soporte al equipo interno 8","Handoff estratégico a desarrollo","Handoff estratégico y criterios de aceptación","Identificación y validación de supuestos críticos","Intervención temprana en riesgos","Investigación y validación de supuestos","Medición post-release","Medición post-release y aprendizaje","Posicionamiento como asesor de confianza con el cliente","Reencuadre de problemas del cliente","Sesiones 1:1 de retroalimentación con cliente","Soporte comercial 1","Soporte comercial 2","Soporte comercial 3","Soporte comercial 4","Traducción técnica a stakeholders","Transferencia de criterio al equipo","Validación de prototipo antes de desarrollo"
"snr","jorge.toxtli@arena-analytics.com","UX/UI","UX UI Snr","prueba","3.30","f snr","o snr","c snr",,,,,,,,"3.00","3.00","4.00","3.00","3.00","3.00","3.00","3.00","3.00","3.00","4.00","4.00","3.00",,,,"4.00",,"3.00","4.00",,"3.00",,"3.00",,,,,,,,,,,,,,,,,,,"3.00","3.00","3.00",,,"3.00","4.00","3.00","4.00",,,,,,"4.00","3.00"
"prueba jr","jorge.toxtli@arena-analytics.com","UX/UI","UX UI Jr","jr","3.00","f jr","o jr","c jr","3.00","3.00","3.00","3.00","3.00","3.00","3.00","3.00","3.00","3.00","3.00","3.00","3.00","3.00","3.00","3.00","3.00","3.00",,,,,,,,,,,,,,,,,,,,,,,,,,,,,,,,,,,,,,,,,,,,,,,
"mid","jorge.toxtli@arena-analytics.com","UX/UI","UX UI Mid","prueba","2.70","f mid","o mid","c mid",,,,,,,,"3.00","3.00","3.00","3.00","3.00","3.00","3.00","2.00","2.00","3.00","3.00","1.00",,,,,,"3.00",,,"3.00",,"3.00","3.00","2.00",,,,,,,,,,,,,,,,,"3.00",,,,"3.00","3.00",,,,"3.00",,,,,"1.00",,"3.00"
"lead","jorge.toxtli@arena-analytics.com","UX/UI","UX UI Lead","prueba","1.43","f lead","o lead","c lead",,,,,,,,,,,,,,,,,"3.00","3.00",,,"3.00","3.00","3.00",,,,,,,,,,"3.00","3.00","3.00","3.00","3.00","3.00","3.00","3.00","3.00","3.00","3.00","3.00","3.00","3.00","3.00","3.00",,,,,,,,,,,"3.00","3.00","3.00","3.00",,,
"Carmen Prueba","carmen@arena-analytics.com","UX/UI","UX UI Snr","Gus","2.67","lksjfsñl sdlñksdjf","sdflkdj  jflksdjf slkdfjls soijf","sdflakdjkajf lk",,,,,,,,"4.00","1.00","3.00","1.00","2.00","1.00","2.00","2.00","1.00","4.00","3.00","3.00","4.00",,,,"3.00",,"4.00","2.00",,"2.00",,"3.00",,,,,,,,,,,,,,,,,,,"4.00","3.00","2.00",,,"4.00","2.00","3.00","2.00",,,,,,"3.00","4.00"
"Carmen Prueba","carmen@arena-analytics.com","UX/UI","UX UI Snr","Gus","2.67","lksjfsñl sdlñksdjf","sdflkdj  jflksdjf slkdfjls soijf","sdflakdjkajf lk",,,,,,,,"4.00","1.00","3.00","1.00","2.00","1.00","2.00","2.00","1.00","4.00","3.00","3.00","4.00",,,,"3.00",,"4.00","2.00",,"2.00",,"3.00",,,,,,,,,,,,,,,,,,,"4.00","3.00","2.00",,,"4.00","2.00","3.00","2.00",,,,,,"3.00","4.00"
"Carmen Prueba","carmen@arena-analytics.com","UX/UI","UX UI Snr","Gus","2.67","lksjfsñl sdlñksdjf","sdflkdj  jflksdjf slkdfjls soijf","sdflakdjkajf lk",,,,,,,,"4.00","1.00","3.00","1.00","2.00","1.00","2.00","2.00","1.00","4.00","3.00","3.00","4.00",,,,"3.00",,"4.00","2.00",,"2.00",,"3.00",,,,,,,,,,,,,,,,,,,"4.00","3.00","2.00",,,"4.00","2.00","3.00","2.00",,,,,,"3.00","4.00"
"Carmen Prueba","carmen@arena-analytics.com","UX/UI","UX UI Jr","casdfadfa","2.72","dafdsaf","asdfadf","asdfadf","2.00","2.00","4.00","3.00","1.00","4.00","2.00","3.00","3.00","4.00","3.00","3.00","1.00","4.00","2.00","4.00","3.00","1.00",,,,,,,,,,,,,,,,,,,,,,,,,,,,,,,,,,,,,,,,,,,,,,,
"Carmen Prueba","carmen@arena-analytics.com","UX/UI","UX UI Mid","adsfadsfa","2.64","asdfad","asdfadsf","asdfadf",,,,,,,,"3.00","2.00","2.00","1.00","3.00","3.00","4.00","1.00","2.00","1.00","3.00","3.00",,,,,,"3.00",,,"4.00",,"4.00","1.00","3.00",,,,,,,,,,,,,,,,,"2.00",,,,"1.00","4.00",,,,"4.00",,,,,"4.00",,
"Carmen Prueba","carmen@arena-analytics.com","UX/UI","UX UI Lead","asdfadfaf","1.18","efadfasf","asdfadfa","asdfad",,,,,,,,,,,,,,,,,"4.00","4.00",,,"4.00","3.00","1.00",,,,,,,,,,"4.00","1.00","2.00","4.00",,"4.00","2.00","1.00","3.00","2.00","4.00","1.00","2.00","4.00","4.00","1.00",,,,,,,,,,,"4.00","4.00","2.00","1.00",,,
